# catid-cad,id-cad,tx,ty,tz,qw,qx,qy,qz,sx,sy,sz
03001627,5d60590d192c52553a23b8cb1a985a11,1.51255,1.25879,0.422774,0.648493,0.718671,0.088668,0.234748,1.41593,1.1243,1.50258
03001627,34160b90f6abd883c731e4cb72d7c0af,3.29771,1.28488,0.609059,0.491375,0.539123,0.464595,0.502045,1.40431,1.23621,1.4429
03211117,d0959256c79f60872a9c9a7e9520eea,2.63161,2.52103,1.33305,0.703239,0.710917,-0.00539912,-0.00472729,0.992908,1.30444,0.85889
03211117,d0959256c79f60872a9c9a7e9520eea,2.95599,0.0448478,2.92094,0.909606,-0.0181729,0.278077,0.308154,2.03974,2.85099,1.24663
