# catid-cad,id-cad,tx,ty,tz,qw,qx,qy,qz,sx,sy,sz
03001627,781677297ef4db1ab0b54dd2cf2a35d4,4.58872,1.52705,0.31671,0.699191,0.641771,-0.195132,-0.247355,1.32909,1.19798,1.34951
03001627,781677297ef4db1ab0b54dd2cf2a35d4,1.7119,3.10915,0.312027,0.525016,0.472809,-0.457303,-0.540077,1.31316,1.19713,1.36068
03001627,781677297ef4db1ab0b54dd2cf2a35d4,2.569,4.16857,0.301956,0.760977,0.640435,0.0755094,-0.0711051,1.56339,1.2753,1.31773
03001627,781677297ef4db1ab0b54dd2cf2a35d4,2.83799,2.399,0.369569,0.436908,0.153165,0.630983,0.622505,1.40283,1.27613,1.40611
03001627,781677297ef4db1ab0b54dd2cf2a35d4,2.80288,5.37369,0.563951,-0.183935,0.851842,-0.0792126,0.484002,1.28863,1.29004,1.30651
03001627,781677297ef4db1ab0b54dd2cf2a35d4,-2.68329,0.817562,2.60893,0.737689,0.674717,0.0055028,0.023297,1.38402,1.18694,1.29247
