# catid-cad,id-cad,tx,ty,tz,qw,qx,qy,qz,sx,sy,sz
02808440,8e1de9c946615fbc6f893b5bc716a3fa,0.447873,1.2964,0.200248,-0.489618,-0.473675,0.505073,0.529913,1.72422,1.75816,1.69025
02747177,ca9c8771ab1ec28920de219c00d1c3b,1.54542,0.404355,0.254016,0.685939,0.706414,-0.117072,-0.129464,0.46921,0.427323,0.494266
02808440,f6f4dc302b85c7f96fe347138aa3101c,2.2006,1.02386,0.883346,-0.47993,-0.485647,0.523319,0.509855,0.674632,0.755059,0.739462
