# catid-cad,id-cad,tx,ty,tz,qw,qx,qy,qz,sx,sy,sz
02933112,e18f47b52ff3aa2452174f43a416bc6f,4.05064,1.3767,0.537158,0.56692,0.545596,0.427326,0.445331,1.83341,1.82161,1.57167
02818832,4dbd37cb85686dea674ce64e4bf77aec,3.00659,3.16157,0.694418,0.0639847,0.0662892,0.702606,0.70559,3.10029,3.26037,3.03777
04379243,cc1666f0fa7a1672e5a8eba5f6050bab,4.40809,3.63214,0.381974,0.0576769,0.00695389,0.691763,0.719784,0.952348,1.04651,0.9698
02933112,c18a4772bcfbb98e85bc264270ae0601,1.50776,1.49636,0.892289,0.730369,0.678413,-0.0708745,-0.0359613,1.87007,1.85913,1.42671
03636649,4b48b7f72cb4f56ef00f0216ab99ff30,4.27435,3.82161,1.0264,-0.0508005,-0.23233,0.648428,0.723176,0.874184,0.71316,0.813518
