# catid-cad,id-cad,tx,ty,tz,qw,qx,qy,qz,sx,sy,sz
03001627,ae9e1ff1ae0b0a8f6ee473575a9f31bd,1.20877,1.89316,0.358853,-0.0525365,-0.0822314,0.712208,0.695153,1.10934,1.21859,1.19149
02808440,8e1de9c946615fbc6f893b5bc716a3fa,0.445832,1.47852,0.201382,0.545715,0.551699,-0.441404,-0.45054,1.67624,1.69844,1.73637
02747177,85d8a1ad55fa646878725384d6baf445,1.71231,2.13472,0.410151,0.247307,0.0508646,0.762341,0.595893,0.565937,0.57635,0.441884
02808440,f6f4dc302b85c7f96fe347138aa3101c,2.26384,1.56044,0.843725,0.523314,0.566348,-0.470274,-0.429226,0.741929,0.966103,0.785211
