# catid-cad,id-cad,tx,ty,tz,qw,qx,qy,qz,sx,sy,sz
03001627,ae9e1ff1ae0b0a8f6ee473575a9f31bd,1.53024,1.95792,0.335568,0.483024,0.468176,0.510714,0.535416,1.2434,1.31891,1.16991
02933112,1c898677c5b4291c847857e42f50ec6e,0.424336,0.827485,0.658172,0.707921,0.704649,-0.0357353,-0.0322625,1.20039,1.32942,1.23622
02747177,2f1aed8925147120c62ac18334863d36,1.66645,1.44913,0.230004,0.47894,0.3983,0.562921,0.543225,0.576571,0.422619,0.540019
