# catid-cad,id-cad,tx,ty,tz,qw,qx,qy,qz,sx,sy,sz
02747177,85d8a1ad55fa646878725384d6baf445,3.97639,0.441069,0.316231,0.477109,0.534977,0.492187,0.493882,0.507896,0.526196,0.578919
02801938,b9a555f6ce431c8a3adfd94cc5954055,0.672097,1.91782,0.325917,0.680134,0.599453,-0.352213,-0.232423,0.484457,0.494358,0.495314
