# catid-cad,id-cad,tx,ty,tz,qw,qx,qy,qz,sx,sy,sz
02933112,1c898677c5b4291c847857e42f50ec6e,2.46405,2.20589,0.755871,-0.470613,-0.44665,0.522709,0.552994,1.43674,1.45412,1.28189
02933112,1c898677c5b4291c847857e42f50ec6e,2.27502,0.700305,0.740357,-0.492271,-0.468639,0.521036,0.516302,1.37376,1.40811,1.20214
04379243,90cd6a48cf2789a9b430d97a45d5824,4.05353,1.56641,0.28691,-0.485996,-0.467885,0.510284,0.533387,0.998465,1.285,0.945954
02871439,35afa1b806556803e99c79bad29da781,2.36347,2.64497,0.506437,0.793542,-0.0710383,-0.215825,-0.564503,6.1688,1.36676,3.14914
