# catid-cad,id-cad,tx,ty,tz,qw,qx,qy,qz,sx,sy,sz
02818832,4dbd37cb85686dea674ce64e4bf77aec,3.56518,2.79042,0.668868,-0.136817,-0.148459,0.701948,0.683016,2.95207,3.24351,2.9003
02933112,a3a6f9e80956ec6f4035f93ab9531db,5.44528,1.98941,0.505894,0.345209,0.238251,0.642769,0.641027,1.85999,1.43772,1.79714
04379243,3a3f32deb30dc4e32ea98d69e91ba870,1.70424,2.7563,0.856711,-0.15503,-0.211523,0.645482,0.71734,1.44766,1.36789,1.19804
02933112,462ee81a089208caf2f140388f79bf7c,4.38571,4.07915,0.243416,-0.101661,-0.0952139,0.705102,0.695291,1.48015,0.869461,1.33677
02933112,a3a6f9e80956ec6f4035f93ab9531db,2.2022,2.89214,0.515899,-0.254603,-0.104131,0.655421,0.70339,1.23927,1.18544,1.27738
02933112,4669d272f690a18dc016d21df34cd8ce,3.90624,0.642949,0.957658,0.568672,0.685715,-0.436881,0.124666,1.70615,1.66305,1.61021
