# catid-cad,id-cad,tx,ty,tz,qw,qx,qy,qz,sx,sy,sz
02933112,50c7e5dace1d5dffc6256085755e32ef,5.61103,1.53474,0.746462,0.553014,0.478919,0.458509,0.504561,1.23465,1.41102,2.08531
