# catid-cad,id-cad,tx,ty,tz,qw,qx,qy,qz,sx,sy,sz
03001627,68151e7a9fcd8545851e82fe58f53ce1,2.59439,1.97626,0.432929,0.688826,0.724919,-0.00166805,-0.0028927,1.22836,1.41323,1.25513
03211117,bbfac23f57b5fbd820e867fd9fb7164,0.719481,4.31224,1.1526,-0.275363,-0.152344,0.693654,0.647928,1.57463,1.4121,1.83886
03001627,61b94385426a74323002761e7a3ba3bd,4.55295,1.7618,0.446046,0.703672,0.708459,0.00975142,0.0532549,1.29269,1.47601,1.27181
02747177,c21d8f5641be31a285cac25b72167160,5.50801,1.50672,0.311834,0.747046,0.466693,0.256374,0.397985,0.543171,0.515951,0.523505
03001627,709a5038988a70f58e6803fc947043b9,2.06839,2.54226,0.449704,0.569478,0.631408,0.392641,0.350502,1.23636,1.53582,1.20316
03001627,bdc892547cceb2ef34dedfee80b7006,3.059,1.47592,0.429726,0.423089,0.0728353,0.6487,0.628394,1.49223,1.6359,1.4314
04379243,612117acf07984468e52a975e7251969,3.45851,2.61734,0.565741,0.783428,0.506926,-0.237598,-0.26984,3.33583,2.01654,3.13353
03001627,bdc892547cceb2ef34dedfee80b7006,1.82782,3.25371,0.502379,0.501904,-0.849081,0.152071,-0.0634702,1.29815,1.34599,1.39878
