# catid-cad,id-cad,tx,ty,tz,qw,qx,qy,qz,sx,sy,sz
02871439,c214e1d190cb87362a9cd5247487b619,1.45085,2.64373,0.727334,-0.348757,-0.370568,0.590017,0.62684,1.49334,1.26422,1.38985
02933112,dca4c8bdab8bdfe739e1d6694e046e01,5.00855,4.37497,0.536296,0.154707,0.17344,0.65816,0.716107,1.95905,1.73445,1.76669
02818832,4dbd37cb85686dea674ce64e4bf77aec,3.04711,3.81951,0.677092,-0.364456,-0.373496,0.596992,0.609322,2.99288,3.28877,3.00538
02933112,1f319101d3c05a16886a4b751e0cc0b5,4.22586,1.94371,0.833964,0.623364,0.576789,0.385841,0.360359,1.7653,1.99061,1.78955
02933112,462ee81a089208caf2f140388f79bf7c,2.85351,5.28199,0.245063,-0.374949,-0.367177,0.579512,0.623506,1.24234,0.854739,1.11441
02933112,a3a6f9e80956ec6f4035f93ab9531db,3.07398,4.68156,0.399161,0.718533,0.646182,-0.0942415,-0.239328,1.11281,1.17276,1.25331
