# catid-cad,id-cad,tx,ty,tz,qw,qx,qy,qz,sx,sy,sz
03001627,7720c68121497e555a28000e191ea2c9,2.5912,4.81813,0.5863,0.466942,0.487037,0.502907,0.540227,1.312,1.00699,1.09881
04379243,34303ee69f402e0f2b931201029bc76,1.37569,3.3774,0.314427,0.266087,0.224617,0.64704,0.678295,1.34314,1.31462,1.32504
04379243,599200313a698b6cad5067eac75a07f7,2.77751,1.09216,1.0133,0.724945,0.57408,-0.281945,-0.255724,1.93319,1.36417,1.90242
