# catid-cad,id-cad,tx,ty,tz,qw,qx,qy,qz,sx,sy,sz
03001627,f551bf7431e0fd7cf937a9747c26991f,2.98402,1.26716,0.673976,0.687306,0.654528,-0.190528,-0.250805,1.1162,1.17396,1.14451
04256520,27c82d27a4d38e6f41b160b9adc112fd,4.23618,1.43748,0.267705,0.588307,0.594177,0.397534,0.377909,1.25013,1.24159,1.26072
03001627,f551bf7431e0fd7cf937a9747c26991f,2.59856,1.62796,0.498242,0.045609,0.717823,-0.148246,-0.67873,1.00869,1.10865,1.17898
04256520,68a1f95fed336299f51f77a6d7299806,4.22246,2.3892,0.839644,0.160043,-0.128902,0.746718,-0.6326,1.15058,1.27246,1.09382
