# catid-cad,id-cad,tx,ty,tz,qw,qx,qy,qz,sx,sy,sz
04379243,e52a290532a567aefa10901ed3f9da3,3.27232,3.80603,0.284647,0.624158,0.5855,-0.364659,-0.366933,2.21732,2.28064,2.30799
02773838,54cd45b275f551b276bb31db0358e9c6,4.59679,4.97259,0.260243,-0.517953,-0.28235,0.631516,0.503181,0.630915,0.620939,0.723179
03001627,263cb748cb81e69cc329e2758ab09ecb,1.4642,3.49438,0.625142,0.555605,0.67326,-0.388887,-0.294602,1.27391,1.02498,1.25294
02773838,54cd45b275f551b276bb31db0358e9c6,3.92612,5.91189,0.254707,0.730373,0.410469,-0.294433,-0.45976,0.666598,0.639354,0.766798
