# catid-cad,id-cad,tx,ty,tz,qw,qx,qy,qz,sx,sy,sz
02871439,465bb5a9ed42ad40a5817f81a1efa3cc,3.12038,2.8542,0.485293,0.104494,0.149165,0.700941,0.689574,1.15587,1.29678,1.44226
04379243,e7580c72525b4bb1cc786970133d7717,2.0955,3.1181,0.424053,0.704869,0.689962,-0.114525,-0.118301,1.33345,2.22859,1.41202
04256520,c81cf82daa56a165271513b292108db,0.797594,1.68614,0.9162,0.679864,0.700871,-0.162241,-0.14228,2.47982,2.96965,2.33759
03001627,9368cd9028151e1e9d51a07a5989d077,1.6102,2.58619,0.407957,0.597822,0.562678,0.378766,0.427246,1.3609,1.28139,1.35629
03001627,9368cd9028151e1e9d51a07a5989d077,2.14554,2.38879,0.413418,0.635666,0.564313,-0.428111,-0.306922,1.55222,1.3805,1.83312
02747177,93d5f21e94ac5fb68a606c63493ddb7c,0.6396,2.41787,0.256466,-0.453776,-0.452389,0.551983,0.533616,0.661899,0.469445,0.709327
