# catid-cad,id-cad,tx,ty,tz,qw,qx,qy,qz,sx,sy,sz
02808440,8e1de9c946615fbc6f893b5bc716a3fa,0.520309,1.7717,0.218719,-0.450105,-0.458237,0.535793,0.548042,1.6925,1.74129,1.70721
03001627,95d082c78ea0b1befe52ffd0e748a1ab,1.18287,0.952757,0.431746,0.717622,0.690231,-0.0846202,-0.0379436,1.28297,1.29602,1.21027
02808440,f6f4dc302b85c7f96fe347138aa3101c,2.22703,1.29801,0.989385,0.676414,-0.73229,0.0369205,-0.069659,0.634151,0.794858,0.829765
02747177,85d8a1ad55fa646878725384d6baf445,0.630242,1.2414,0.310744,0.674875,0.715346,-0.031109,-0.178481,1.5675,0.58386,1.66958
