# catid-cad,id-cad,tx,ty,tz,qw,qx,qy,qz,sx,sy,sz
03001627,ae9e1ff1ae0b0a8f6ee473575a9f31bd,0.351637,3.12424,0.338547,-0.488516,-0.474222,0.501155,0.534144,1.17856,1.07207,1.08288
02933112,1c898677c5b4291c847857e42f50ec6e,0.432552,2.3713,0.707463,-0.491839,-0.485424,0.521943,0.500034,1.30943,1.4195,1.2584
02808440,d7d4367ef5ee5991b362845c6edb57fc,1.00847,3.8535,0.348442,0.738567,0.673327,-0.010136,-0.0323453,1.69043,1.15686,1.67413
