# catid-cad,id-cad,tx,ty,tz,qw,qx,qy,qz,sx,sy,sz
03001627,fe224defdf08a99a3002761e7a3ba3bd,1.10384,2.75341,0.569974,0.719735,0.694097,0.0134065,-0.00562848,1.20283,1.20153,1.25309
03001627,e955b63a4bd738857178717457aa5d20,1.44933,3.45346,0.43911,0.0511791,0.0399326,0.665481,0.743587,1.11185,1.11987,1.28448
04379243,75234e713a2baed84d5f12fa5114b4e,0.832397,3.23818,0.189291,0.686161,0.71624,-0.0665402,-0.108426,1.53629,1.81039,1.77329
03001627,654ff4d929914b7ff91663a74ccd2338,0.639142,3.76531,0.562143,0.125842,0.132764,0.623808,0.759869,1.22186,1.21195,1.20979
02747177,62f4ed6e1df63042cecaed25e0da0964,2.28842,3.24737,0.174083,0.7201,0.688471,-0.0568797,-0.0650227,0.441604,0.513281,0.540239
