# catid-cad,id-cad,tx,ty,tz,qw,qx,qy,qz,sx,sy,sz
03001627,4438e29f9d3cf45bfe52ffd0e748a1ab,0.938613,0.595223,0.480797,0.685429,0.716922,0.112432,0.0597446,1.26243,1.23168,1.13244
02747177,ca9c8771ab1ec28920de219c00d1c3b,3.20233,4.14523,0.550536,0.725692,0.679425,0.0640004,0.0874998,0.727367,0.932824,0.868775
02808440,dadeedcb7aeb8344fdbe2bf897d8a820,2.86878,1.70498,0.930052,0.692602,0.62216,0.268549,0.247186,0.84387,1.32212,0.845748
