# catid-cad,id-cad,tx,ty,tz,qw,qx,qy,qz,sx,sy,sz
04379243,d8fa26d89a3ec264ee1dfc331dd3e94,4.91263,5.19844,0.331817,0.661968,0.718468,-0.176626,-0.120025,1.39233,1.37299,1.3657
03001627,bf236db6dfa517aa456cbf78e1e89022,5.74156,3.74068,0.568064,0.600135,0.604608,0.358856,0.381458,1.37921,1.52196,1.3917
03001627,bf236db6dfa517aa456cbf78e1e89022,3.20241,4.76562,0.485826,-0.399181,-0.403405,0.596531,0.567511,1.43487,1.40451,1.44865
02933112,aab180818ea51dbc7cd8de3984cc1e94,1.53507,3.12002,1.12359,0.727941,0.632436,-0.240417,-0.111022,1.7182,2.34969,1.46847
04256520,556166f38429cdfe29bdd38dd4a1a461,5.17695,5.78157,0.506005,0.146689,0.101549,0.694388,0.697134,1.9364,2.48437,2.08071
03001627,bf236db6dfa517aa456cbf78e1e89022,6.13992,4.63823,0.62789,0.570327,0.624219,0.353139,0.400463,1.36441,1.38551,1.29786
02933112,aab180818ea51dbc7cd8de3984cc1e94,4.42909,2.41596,1.24553,0.722849,0.618151,-0.295855,-0.0885901,2.19174,2.44868,1.89992
02933112,aab180818ea51dbc7cd8de3984cc1e94,4.89792,2.08847,1.2142,0.738189,0.346354,-0.572229,0.0875729,2.81506,3.00891,3.47357
02933112,aab180818ea51dbc7cd8de3984cc1e94,2.40884,2.69157,1.22496,0.706127,0.707787,0.0200125,0.00463963,11.7263,2.49807,6.44677
