# catid-cad,id-cad,tx,ty,tz,qw,qx,qy,qz,sx,sy,sz
03001627,8ab6783b1dfbf3a8a5d9ad16964840ab,5.73619,5.255,0.586211,0.623638,0.596971,0.359674,0.354028,1.15718,0.967063,1.10808
02871439,b6264b92d0cbd598d5919aa833abb5a,6.0171,7.07013,0.151057,0.137875,0.0802262,0.696754,0.699348,1.07145,1.96217,1.27891
04554684,53e2b5c6f9a2103e3fb0920a55a7e805,5.38883,6.84204,0.549841,0.100048,0.115702,0.676765,0.720134,1.15661,1.07965,1.09193
04379243,9611888ee0db1ecaf7d4d3ced798ad90,3.41379,6.77348,0.579826,-0.35209,-0.367908,0.567214,0.647259,1.32242,1.19763,1.42288
02933112,6d5049bc983aa8b4a805114916841d69,3.7982,7.5636,0.467734,0.133658,0.0784191,0.681883,0.714858,1.33139,1.25805,1.51803
02933112,225905a8841620d7f6fe1e625c287cfa,1.94008,3.88654,0.873008,-0.160913,-0.166437,0.651507,0.722458,1.79058,1.83193,1.92808
