# catid-cad,id-cad,tx,ty,tz,qw,qx,qy,qz,sx,sy,sz
04379243,13c680c1fd4d1ab4bdaed8eb424ecfdb,1.14683,2.54129,0.714357,-0.112995,-0.0956301,0.701339,0.697288,1.57507,1.72706,1.74275
02871439,b6264b92d0cbd598d5919aa833abb5a,0.360973,2.77366,0.235144,-0.103699,-0.116969,0.746658,0.646581,1.50017,2.05833,1.51649
03337140,7dc4c1459f2aeaa6eea9d91e5bfcfc8e,2.74344,1.38104,0.753635,0.613924,0.613966,-0.319956,-0.379173,1.77231,1.23266,1.58792
02818832,3acfa3c60a03415643abcff1f32a8b0c,1.74303,0.902871,1.05067,0.409372,0.462976,0.571937,0.539404,3.50205,1.56842,3.42574
02747177,c21d8f5641be31a285cac25b72167160,2.83223,0.892572,0.263072,0.552476,0.348601,-0.492945,-0.574676,0.424335,0.54787,0.375153
02747177,c21d8f5641be31a285cac25b72167160,0.743949,1.62279,0.351412,0.66019,0.544265,-0.364422,-0.367589,0.537375,0.456079,0.625888
