# catid-cad,id-cad,tx,ty,tz,qw,qx,qy,qz,sx,sy,sz
02871439,4552f6002e96cb00205444155ae5c84d,2.39181,1.61797,1.45165,-0.0160663,-0.00549884,0.709339,0.704663,1.34891,1.80457,1.38121
03001627,dd414923feefc1bd160139aa3ea05a51,5.08372,1.48476,0.484676,0.450607,0.525234,0.529588,0.490529,1.10593,1.03763,1.21692
02747177,62f4ed6e1df63042cecaed25e0da0964,4.95958,0.721633,0.209505,0.969885,0.0967328,-0.0594744,-0.215474,0.402941,0.437974,0.432662
02933112,d4fe9416de5e2a95b022c94235bc8601,3.21503,0.59849,0.123879,0.46171,0.552217,0.481914,0.499639,1.01499,1.4597,1.77105
