# catid-cad,id-cad,tx,ty,tz,qw,qx,qy,qz,sx,sy,sz
02933112,6d5049bc983aa8b4a805114916841d69,5.96366,5.72999,0.517405,0.382213,0.343517,0.599094,0.614,1.66562,1.35241,1.66422
03001627,9795162b409011c2a6fee8e2140acec9,1.94789,3.75124,0.618787,0.70304,0.701609,0.100583,0.0579868,1.0164,1.05046,0.961904
02933112,225905a8841620d7f6fe1e625c287cfa,6.91449,4.43133,0.932047,0.69076,0.722114,-0.0156134,0.0340393,2.22925,1.71539,2.10853
04379243,460a915796f36eaa55f86bb3ad320a33,2.76667,2.35003,0.947591,0.166917,0.314166,0.720175,0.59564,1.6632,1.97047,1.632
03761084,6d8a8628eeb8ae92de6fb7d70c413eb,5.99769,6.49778,1.75918,0.524185,0.314019,0.467766,0.638606,0.83325,1.18758,1.04582
