# catid-cad,id-cad,tx,ty,tz,qw,qx,qy,qz,sx,sy,sz
04379243,e18b448f7e5f6ecc1baf720a45fc5c38,1.66079,1.04669,0.476634,0.676741,0.730962,0.0305291,0.0823635,1.50846,1.68617,1.83802
02871439,b6264b92d0cbd598d5919aa833abb5a,0.626223,0.0992619,1.02719,0.569027,0.69881,-0.303696,-0.30926,1.00887,1.71895,1.03635
02933112,727a4dbadbb74c33bf1b16662b6673df,0.940551,0.664485,0.536611,0.613205,0.590317,-0.332242,-0.406349,1.58495,1.23455,1.40401
02818832,edf13191dacf07af42d7295fb0533ac0,1.93438,1.88472,-0.0304789,0.746549,-0.661731,0.0128689,0.0679066,2.41469,3.28933,2.35723
