# catid-cad,id-cad,tx,ty,tz,qw,qx,qy,qz,sx,sy,sz
04379243,e0be4621b0ea9893593ebeeedbff73b,1.11974,2.31724,0.627607,0.57145,0.575583,0.44335,0.381563,1.20962,1.93427,1.23302
04379243,d1cc46478cde981b9a980acf1a5058aa,1.3829,4.95554,0.295537,0.606846,0.785978,0.0234732,-0.115869,1.12005,1.71217,1.22335
