# catid-cad,id-cad,tx,ty,tz,qw,qx,qy,qz,sx,sy,sz
04256520,4521ce028e5009811866a0bc19f46a1d,1.38016,0.971607,0.408717,0.697057,0.716878,-0.00547401,-0.012898,1.13464,1.41915,1.36987
04379243,7f1edef2e2fe5aee33ed950c745c5ef8,2.75944,2.00872,0.202032,0.68727,0.714085,-0.129103,-0.0327811,0.965,0.843691,0.898923
04379243,c5a4cea5107d72f54b3c42e318f3affc,1.87029,2.99022,0.158967,0.706561,0.706493,-0.0404482,-0.00162041,1.25312,1.52341,1.07725
04256520,4521ce028e5009811866a0bc19f46a1d,2.53643,1.12766,0.426229,0.749922,0.6592,0.0121404,0.054089,1.02529,1.65189,1.34675
