# catid-cad,id-cad,tx,ty,tz,qw,qx,qy,qz,sx,sy,sz
04379243,c6c412c771ab0ae015a34fa27bdf3d03,3.02572,1.49126,0.544686,0.531397,0.545645,-0.467008,-0.449213,1.39422,1.97812,1.44007
02818832,4dbd37cb85686dea674ce64e4bf77aec,4.95977,3.76644,0.589493,0.555717,0.531596,-0.45003,-0.453935,2.82073,2.35884,2.87343
03001627,95d082c78ea0b1befe52ffd0e748a1ab,3.38413,3.99331,0.493808,-0.0106246,-0.0432775,0.695526,0.717118,1.3053,1.08128,1.03508
04379243,a49d69c86f512f5d28783a5eb7743d5f,4.18644,2.72398,0.565599,0.508216,0.501258,0.48009,0.509873,0.81979,0.831463,0.784705
02808440,3d6afd4a791e5bdeb022c94235bc8601,3.65346,3.16842,1.1273,0.701215,0.667447,-0.220395,-0.119324,2.91353,1.36018,2.39428
03636649,a56224d991c3eedf77d8f08447bad584,5.18409,1.62222,1.08246,0.514427,0.582986,-0.561118,-0.283971,0.703798,0.966859,0.833903
03001627,bdbf18aefa5b980585b479b317175b55,4.05586,4.49274,0.62572,0.754164,0.650156,-0.042829,-0.0818469,1.40058,1.34912,1.57339
