# catid-cad,id-cad,tx,ty,tz,qw,qx,qy,qz,sx,sy,sz
03001627,4438e29f9d3cf45bfe52ffd0e748a1ab,0.779715,2.03691,0.490565,0.0255019,0.0398754,0.69775,0.714776,1.27685,1.2515,1.09064
02808440,dadeedcb7aeb8344fdbe2bf897d8a820,1.85493,1.91304,0.924818,0.0922181,0.0086018,0.704648,0.703487,0.712589,1.09694,0.806651
