# catid-cad,id-cad,tx,ty,tz,qw,qx,qy,qz,sx,sy,sz
04256520,945a038c3e0c46ec19fb4103277a6b93,1.66021,3.79679,0.304147,0.703675,0.709923,-0.0291648,0.000135481,0.926127,1.67048,1.02305
02747177,93d5f21e94ac5fb68a606c63493ddb7c,1.12902,3.65608,0.21701,0.468387,0.309677,0.380691,0.734702,0.394276,0.377391,0.386176
