# catid-cad,id-cad,tx,ty,tz,qw,qx,qy,qz,sx,sy,sz
03001627,ca4900c42b8016ef8397cd720acaa508,2.62836,2.4203,0.528272,-0.393142,-0.45753,0.603225,0.521752,1.04318,1.12536,1.06513
03001627,ca4900c42b8016ef8397cd720acaa508,4.12919,2.78844,0.563051,0.194509,0.228414,0.776818,0.553667,1.11203,1.12844,1.09414
03001627,ca4900c42b8016ef8397cd720acaa508,3.2467,1.26076,0.554941,0.636725,0.749796,-0.170205,-0.0584537,1.38459,1.15335,1.31572
04379243,90446c710f3495f4e90047543e308ba1,3.34725,2.17478,0.317305,0.586209,0.569442,0.387464,0.426575,1.8027,1.67825,1.81978
03001627,9231ef07326eae09b04cb542e2c50eb4,3.9084,3.25216,0.725522,0.872061,0.185227,2.48052e-05,-0.45299,1.30036,1.27095,1.05461
