# catid-cad,id-cad,tx,ty,tz,qw,qx,qy,qz,sx,sy,sz
02933112,8994e11588b62bdfed208c42f7ada5c4,0.903505,4.35658,0.60497,-0.421402,-0.418512,0.578677,0.558928,2.51011,2.70238,2.55527
03207941,b93e45ceb3030c473321831d2245cf06,0.827759,5.02908,0.814695,-0.372846,-0.366529,0.631898,0.572143,0.980517,0.761991,0.840525
04379243,460a915796f36eaa55f86bb3ad320a33,2.98833,4.10542,0.619221,-0.361989,-0.437025,0.563143,0.600702,3.11076,2.34044,2.70302
