# catid-cad,id-cad,tx,ty,tz,qw,qx,qy,qz,sx,sy,sz
03001627,56e194146b9e584b3321831d2245cf06,0.56317,0.356241,0.344629,0.689004,0.724069,-0.0218728,-0.0227605,1.24555,1.21299,1.03843
02808440,d8c81bf718d534776b448b8aaebb705c,1.49011,0.769272,0.214171,0.512031,0.504176,0.484147,0.499232,1.80197,1.38307,1.68604
02747177,c21d8f5641be31a285cac25b72167160,1.53151,0.241985,0.190677,0.79618,0.595847,-0.105036,-0.00554622,0.605152,0.494608,0.625897
