# catid-cad,id-cad,tx,ty,tz,qw,qx,qy,qz,sx,sy,sz
03001627,87c742a186ef731b464bb3035358ab7a,2.83606,4.39374,0.542608,0.0918526,0.101301,0.703759,0.697155,1.41972,1.23715,1.32598
04379243,f742dcebb1d9ab0cf51f77a6d7299806,2.08808,3.20394,0.208314,0.67846,0.724122,-0.079315,-0.0951216,1.29156,1.42734,1.26702
03001627,87c742a186ef731b464bb3035358ab7a,1.60294,4.62441,0.572752,0.00782765,0.047336,0.686574,0.725475,1.46048,1.29253,1.39912
