# catid-cad,id-cad,tx,ty,tz,qw,qx,qy,qz,sx,sy,sz
04256520,e9e5da988215f06513292732a7b1ed9a,1.10902,1.25561,0.400401,0.485898,0.57197,-0.50837,-0.422271,3.1539,2.58363,2.28528
04379243,6c0ee01fb43f8f46c045ebb62fca20c6,2.38727,1.95624,0.434127,0.974008,0.159121,0.0633902,0.148227,0.722476,0.854857,1.14042
04256520,e9e5da988215f06513292732a7b1ed9a,1.20761,1.73786,0.606449,0.665026,0.656304,0.0967501,0.342994,2.07924,2.34372,2.14938
