# catid-cad,id-cad,tx,ty,tz,qw,qx,qy,qz,sx,sy,sz
02747177,85d8a1ad55fa646878725384d6baf445,1.66969,1.59273,0.263434,-0.404963,-0.506853,0.490622,0.581717,0.680555,0.423351,0.710218
02801938,7b407dedd933e3812f59b845f0db2ab3,4.4063,0.342086,0.538402,0.730256,0.679048,-0.0725434,-0.0189081,0.928647,0.882238,0.807289
