# catid-cad,id-cad,tx,ty,tz,qw,qx,qy,qz,sx,sy,sz
03001627,508450cc9ab2a5fa98cfd47a860803c5,1.81135,2.3584,0.425326,0.703351,0.702343,0.0972063,0.050619,1.20826,1.1794,1.31802
04379243,616a8ac7d1667a062c1a544eca74c954,1.32018,3.41523,0.492708,0.713912,0.700211,-0.000905238,-0.00576533,2.11537,2.17417,2.84453
