# catid-cad,id-cad,tx,ty,tz,qw,qx,qy,qz,sx,sy,sz
03001627,d619fd50c4d0fb46dea83bbf303af433,5.26461,3.68284,0.504544,-0.335281,-0.345514,0.599489,0.63939,1.37793,1.37163,1.37234
02871439,c40828710c91001546c4f23965b7dd40,5.29617,6.62727,0.644809,0.657798,0.674732,-0.270184,-0.197583,1.54384,1.76041,1.51646
03001627,d619fd50c4d0fb46dea83bbf303af433,3.98771,4.44176,0.451308,0.682402,0.726429,0.0812676,-0.0049766,1.43115,1.34353,1.36653
02933112,462ee81a089208caf2f140388f79bf7c,8.2909,4.49573,0.380694,0.199948,0.178682,0.716594,0.643884,1.48802,1.3799,1.39202
03001627,d619fd50c4d0fb46dea83bbf303af433,2.4568,6.00777,0.529015,-0.286347,-0.200762,0.684826,0.639307,1.33862,1.28019,1.31051
