# catid-cad,id-cad,tx,ty,tz,qw,qx,qy,qz,sx,sy,sz
02933112,8994e11588b62bdfed208c42f7ada5c4,2.99187,1.1756,0.606466,0.691278,0.630891,0.258391,0.239469,3.652,2.62553,3.53648
02747177,93d5f21e94ac5fb68a606c63493ddb7c,4.27439,2.36057,0.484181,0.351516,0.234443,0.640312,0.641462,0.692943,0.945626,0.666531
03337140,1c319fc6985fc7cdb8405ecc20044969,2.90775,3.81161,0.520518,0.696972,0.689227,0.147742,0.13179,1.39104,1.01842,1.37441
02933112,da5d7b5dfa92abdace5d6e9371bb5c33,3.71176,1.50429,0.722219,0.676483,0.69708,0.117658,0.206414,1.25044,1.13793,1.51315
04004475,a8c41f725d1dcb8ec8bb35fae3b41809,2.81574,3.31755,0.498627,0.800598,0.440493,-0.404922,0.0323482,3.7758,1.9153,4.45724
02747177,f8b6bcf0dcf240e567e4c36fcbad1d04,1.35555,3.27357,0.570415,0.00517661,-0.320594,0.404174,0.856642,4.34661,2.14068,4.54798
02933112,2036aaa68d164c373fe047712e43e185,2.77874,0.552742,0.747035,0.711823,0.702359,-5.17911e-05,-0.000852426,4.54533,1.65425,26.1937
