# catid-cad,id-cad,tx,ty,tz,qw,qx,qy,qz,sx,sy,sz
03001627,95d082c78ea0b1befe52ffd0e748a1ab,2.32439,0.573267,0.423703,0.531076,0.56563,0.425633,0.465679,1.14073,1.16001,1.09261
02747177,85d8a1ad55fa646878725384d6baf445,2.57293,3.6061,0.2807,0.684865,0.726989,0.0494058,0.00257335,0.593343,0.519811,0.449681
