# catid-cad,id-cad,tx,ty,tz,qw,qx,qy,qz,sx,sy,sz
03001627,56e194146b9e584b3321831d2245cf06,2.37779,0.698481,0.3728,0.712557,0.695949,-0.065125,-0.0606321,1.23976,1.02369,1.12158
02933112,a3407d2fdef7386c278d386bfa54545,2.18603,1.99049,0.498655,-0.37766,-0.39702,0.582278,0.600584,2.81439,2.31577,2.38514
02808440,4a7d4186a966d777e49bb55b21b2d30a,3.60879,0.78312,0.171033,0.519698,0.373529,-0.549642,-0.53692,1.73779,1.25883,1.6118
02808440,6751ed8cb63cc76e3321831d2245cf06,2.25068,2.59054,0.823934,-0.511379,-0.430577,0.482539,0.565907,0.550221,0.678856,0.726318
02747177,9c0847d6c42eca062846fa729d90e125,3.30084,1.32975,0.778361,0.601311,0.336229,0.317829,0.651429,0.847263,1.0426,1.00212
