# catid-cad,id-cad,tx,ty,tz,qw,qx,qy,qz,sx,sy,sz
03001627,56e194146b9e584b3321831d2245cf06,3.65866,0.394183,0.379611,0.710978,0.699365,0.037422,0.0632378,1.30857,1.19937,1.177
02933112,1c898677c5b4291c847857e42f50ec6e,2.48729,1.49885,0.640344,0.510723,0.494621,-0.486422,-0.507844,1.31981,1.27299,1.17132
02747177,93d5f21e94ac5fb68a606c63493ddb7c,3.19448,0.228923,0.233151,0.72698,0.519487,-0.305918,-0.328705,0.45137,0.458123,0.495196
02747177,2f1aed8925147120c62ac18334863d36,2.60334,0.314136,1.2968,-0.292251,0.228159,0.869923,-0.325219,0.493887,0.510502,0.535601
