# catid-cad,id-cad,tx,ty,tz,qw,qx,qy,qz,sx,sy,sz
02747177,ca9c8771ab1ec28920de219c00d1c3b,3.63236,3.95502,0.385988,0.542962,0.696576,-0.301091,-0.35961,0.502651,0.643532,0.477516
