# catid-cad,id-cad,tx,ty,tz,qw,qx,qy,qz,sx,sy,sz
03001627,ae9e1ff1ae0b0a8f6ee473575a9f31bd,1.87964,1.1662,0.333637,0.52052,0.479045,-0.49845,-0.501121,1.03606,1.10123,1.17393
02808440,4a7d4186a966d777e49bb55b21b2d30a,2.93706,2.07741,0.215461,0.720393,0.693435,0.00883392,0.0102056,1.61224,1.28542,1.58849
02933112,1c898677c5b4291c847857e42f50ec6e,1.97676,0.431139,0.687867,0.486318,0.5376,-0.478728,-0.495279,1.29069,1.44611,1.30051
