# catid-cad,id-cad,tx,ty,tz,qw,qx,qy,qz,sx,sy,sz
02747177,62f4ed6e1df63042cecaed25e0da0964,4.85212,1.59481,0.346014,0.688067,0.716494,-0.102487,0.0519189,0.693263,0.921695,0.695477
