# catid-cad,id-cad,tx,ty,tz,qw,qx,qy,qz,sx,sy,sz
04330267,15e020e34e3d2bba60ddc468fe733ed1,2.91994,3.0359,0.966143,0.318436,0.274514,0.629092,0.653823,1.54062,1.53732,1.52105
02933112,6a910ffe32ae2e575588a2543ef0b0b4,0.931695,2.50904,0.778913,0.645786,0.610116,-0.300231,-0.347248,1.37092,1.46369,1.37584
02933112,462ee81a089208caf2f140388f79bf7c,1.69935,3.64511,0.313767,-0.201227,-0.181982,0.690709,0.670308,1.3693,1.1718,1.40532
02933112,fc5b7d19b1ab1e8bd0504a433b7a549,2.90492,3.12804,1.93194,0.315168,0.37888,0.594989,0.634908,1.20665,1.40463,1.2767
02933112,bc7973150ac25b1ce08dea88cca8641e,1.61486,2.79399,0.727209,-0.355436,-0.253436,0.544227,0.716417,2.73409,1.75278,2.65124
02933112,fc5b7d19b1ab1e8bd0504a433b7a549,1.21359,3.0732,0.558818,-0.164398,-0.340936,0.592076,0.711465,1.20493,1.37417,1.17804
02933112,225905a8841620d7f6fe1e625c287cfa,1.77409,2.01866,0.804865,0.502717,0.813546,-0.205798,-0.207521,2.408,2.54498,2.87661
02933112,fc5b7d19b1ab1e8bd0504a433b7a549,2.43222,3.58664,1.87389,0.586436,0.672398,-0.339633,-0.297696,1.17717,1.3888,1.15712
02933112,7d95374a9110157c7d8c689e1315827b,2.31726,3.37561,1.33901,0.690737,-0.643282,0.163472,-0.286962,1.29106,1.36213,1.43228
