# catid-cad,id-cad,tx,ty,tz,qw,qx,qy,qz,sx,sy,sz
02871439,8f0baf74e4d91b0d7b39f9a454e866f6,0.310528,1.539,1.58716,-0.474969,-0.460162,0.503281,0.556205,2.21746,1.47483,1.57765
02933112,8994e11588b62bdfed208c42f7ada5c4,0.636924,1.86206,0.73655,-0.471847,-0.478273,0.511446,0.535761,2.74054,2.65171,2.27393
02747177,93d5f21e94ac5fb68a606c63493ddb7c,3.80064,2.08344,0.25958,0.517445,0.504289,-0.468792,-0.508111,0.510026,0.483707,0.439865
04004475,73a7d3d05b9dd459ffe3432ba4f2e6d3,0.613819,2.74949,1.43323,0.541226,0.41933,-0.484134,-0.544841,0.673887,0.813055,0.636871
04004475,94b56634065b6b4471df0fdd633b5540,1.59038,1.33739,0.715497,0.72402,0.676522,-0.132879,-0.0213737,2.71407,1.5077,1.13485
02747177,f8b6bcf0dcf240e567e4c36fcbad1d04,2.19928,3.12486,0.639275,0.138632,-0.337968,0.583868,0.725022,1.81573,1.8346,1.40171
04004475,99df53ab6417e293b3b8d66c43b5b940,2.63124,1.00705,1.06373,0.803046,0.518089,0.262842,-0.132725,0.95807,1.07,0.884558
