# catid-cad,id-cad,tx,ty,tz,qw,qx,qy,qz,sx,sy,sz
03001627,d2fe67741e0f3cc845613f5c2df1029a,5.00668,3.59567,1.14172,0.707265,0.684517,0.162666,0.0689329,1.32308,1.0802,1.18939
03001627,d2fe67741e0f3cc845613f5c2df1029a,6.36702,5.20629,0.935635,0.34244,0.375048,0.614432,0.603777,1.20089,1.08093,1.17902
04379243,899f815eaad62b56d8cad143689f8b51,2.86372,5.70025,0.908599,0.692594,0.638582,0.269532,0.199697,2.0365,2.10063,2.0284
02747177,4d6b6d392ec6b5b4c69692992c7aeb,0.970323,4.39619,1.32133,0.658278,0.57045,-0.328471,-0.365189,0.949948,1.11521,0.941141
04379243,899f815eaad62b56d8cad143689f8b51,4.15616,6.73963,0.705242,0.689591,0.630842,0.297607,0.194765,2.13053,2.18457,2.10588
02747177,93d5f21e94ac5fb68a606c63493ddb7c,0.832518,2.28973,1.48339,0.678467,0.573476,-0.299106,-0.348343,0.681285,1.06425,0.706662
02747177,de31ede76692c36271c1c4a28b10d064,0.758047,3.3852,1.63625,-0.385446,-0.114933,0.729157,0.553671,2.19303,1.01216,2.26505
02747177,93d5f21e94ac5fb68a606c63493ddb7c,7.23411,7.70764,0.406388,0.808529,0.474297,-0.196377,0.287678,0.405364,0.407594,0.441083
02747177,4d6b6d392ec6b5b4c69692992c7aeb,0.285599,2.77432,1.4113,0.619,0.648033,-0.184177,-0.403696,1.50391,1.1178,1.41417
