# catid-cad,id-cad,tx,ty,tz,qw,qx,qy,qz,sx,sy,sz
04379243,ddbbe3651f274503c7f9b652b66aa35c,2.18738,2.73535,1.59735,0.695546,0.717141,0.0381147,-0.0217143,1.24372,0.834561,0.677066
04379243,3d54679cfdfe8d72e1aff9039d025,1.49158,2.46921,1.92727,-0.057768,0.0303574,0.687584,0.723166,1.23563,1.7913,0.932854
03001627,4438e29f9d3cf45bfe52ffd0e748a1ab,0.501822,2.60172,1.87013,-0.0442542,-0.0440382,0.681762,0.728905,1.63511,1.0202,1.15081
02747177,edcbeac5da0b42dd7936acbca381136f,0.27192,1.71819,1.84269,-0.234746,-0.353698,0.558504,0.712647,0.52592,0.513556,0.553645
