# catid-cad,id-cad,tx,ty,tz,qw,qx,qy,qz,sx,sy,sz
03001627,7b8e24c31b7509b6dec3f6fd3a03085e,0.8965,4.31818,0.381325,0.506374,0.558527,-0.464383,-0.464738,1.22865,1.20242,1.15654
02747177,1ce689a5c781af1bcf01bc59d215f0,1.7405,3.24716,0.326899,0.669662,0.119955,0.67527,0.284912,0.636402,0.695558,0.973962
04379243,af71e4dcd477656f9cd431573238602d,1.79431,4.2505,0.419776,-0.477807,-0.509018,0.521087,0.490988,1.70938,1.85791,1.70167
