# catid-cad,id-cad,tx,ty,tz,qw,qx,qy,qz,sx,sy,sz
04256520,cd249bd432c4bc75b82cf928f6ed5338,1.432,4.11706,0.359293,0.551393,0.5123,-0.477677,-0.453143,1.83698,2.19354,2.15662
02818832,4dbd37cb85686dea674ce64e4bf77aec,3.6357,2.85587,0.643057,0.726799,0.681752,0.0378888,0.074444,3.07133,2.68609,3.073
04379243,612117acf07984468e52a975e7251969,4.4693,2.56628,0.494166,0.515501,0.745028,-0.347584,-0.241614,2.1469,1.71231,1.9454
03337140,7dc4c1459f2aeaa6eea9d91e5bfcfc8e,1.62232,2.14009,1.00392,0.471324,0.596561,-0.467414,-0.451101,3.25939,1.56029,1.74965
03337140,7dc4c1459f2aeaa6eea9d91e5bfcfc8e,3.49104,5.56816,0.837725,-0.0442958,-0.0782079,0.683334,0.724552,2.40908,1.29005,1.74189
