# catid-cad,id-cad,tx,ty,tz,qw,qx,qy,qz,sx,sy,sz
02871439,b6264b92d0cbd598d5919aa833abb5a,1.31396,2.76924,0.923208,0.716943,0.696908,0.00917582,0.0151189,0.928221,1.71166,0.82798
04379243,612117acf07984468e52a975e7251969,1.77969,4.92326,0.508678,0.681432,0.730183,0.0368323,0.0335482,2.41001,2.13642,2.2954
03001627,541746ddb47aa2af4e186c8346f12e6,1.2916,3.5371,0.461177,0.0363665,0.0123789,0.692349,0.720539,1.35623,1.25738,1.36973
02747177,85d8a1ad55fa646878725384d6baf445,1.24287,3.3666,1.02348,0.625778,0.776782,-0.0671897,0.0222817,0.805506,0.430361,0.46502
02747177,85d8a1ad55fa646878725384d6baf445,0.72709,3.36904,1.03202,0.114248,0.157536,0.579387,0.79148,0.799972,0.540921,0.59288
02818832,3acfa3c60a03415643abcff1f32a8b0c,1.49805,4.04941,0.796426,-0.297811,-0.235423,0.621492,0.685297,3.53587,1.26435,3.54394
03337140,7dc4c1459f2aeaa6eea9d91e5bfcfc8e,2.13992,2.25738,0.889578,0.434023,0.888508,0.0722731,0.130209,1.70504,1.81987,1.89287
