# catid-cad,id-cad,tx,ty,tz,qw,qx,qy,qz,sx,sy,sz
02933112,c3dd5d3f16f231c7cb0c0d433974e32b,2.46804,1.57626,0.837568,0.498303,0.422974,-0.466277,-0.596131,2.73305,1.67278,1.7614
02933112,8238404daa0a13bfce5d6e9371bb5c33,0.533741,1.59147,1.69226,-0.491013,-0.496411,0.536987,0.47342,1.28278,1.19941,1.24303
04379243,22cb00fd7f4d016429b55029703aed8d,5.44554,3.54206,0.762342,0.853794,0.37123,-0.347613,-0.111308,0.80618,0.941016,0.838769
02818832,946bd5aeda453b38b3a454ed6a7199e2,2.8375,2.63073,1.21888,0.375402,-0.570752,0.705539,-0.188494,4.40072,3.95943,3.67404
