# catid-cad,id-cad,tx,ty,tz,qw,qx,qy,qz,sx,sy,sz
02933112,e72235ca5b0f9b5de485c93908cf58c1,1.38373,0.586985,0.417939,0.713643,0.69323,0.0844024,0.054972,1.65834,1.64809,1.23642
03001627,9368cd9028151e1e9d51a07a5989d077,3.0737,1.18977,0.407965,0.448049,0.548704,0.515786,0.48181,1.30524,1.32827,1.40787
03211117,d0959256c79f60872a9c9a7e9520eea,1.41808,0.294536,1.13606,0.699968,0.713768,0.0190682,0.0147136,1.11599,1.182,2.01303
03001627,9368cd9028151e1e9d51a07a5989d077,0.541624,2.09397,0.382025,-0.441541,-0.460361,0.568594,0.519433,1.27817,1.22796,1.21736
03337140,dbfffa51bd4f094353227dcd0d547ba6,0.510509,0.546955,0.508912,0.741242,0.666499,0.0755361,0.025181,1.02459,0.962122,0.698702
04379243,460a915796f36eaa55f86bb3ad320a33,2.79487,3.58372,0.523765,0.528814,0.584727,-0.464514,-0.403332,1.54573,1.74129,1.69527
02818832,9fb6014c9944a98bd2096b2fa6f98cc7,1.71174,3.20975,0.400762,-0.422331,-0.406048,0.369569,0.721236,3.15264,2.94708,3.77003
02801938,2294583b27469851da06470a491566ee,2.54156,4.19309,0.88441,0.639944,0.768402,0.0021642,-0.00506448,0.604176,0.557697,0.721036
03001627,cd5007a237ffde592b5bf1f191733d75,-1.2011,1.31841,-8.68073,-0.359923,-0.172788,0.663689,0.632548,1.15551,1.10051,1.15958
