# catid-cad,id-cad,tx,ty,tz,qw,qx,qy,qz,sx,sy,sz
04379243,6f13be4d995e55b25ed28ed911e69310,3.94331,3.36173,0.533305,0.716624,0.697271,-0.0153808,0.00522048,2.05243,1.85472,1.989
03001627,8ab6783b1dfbf3a8a5d9ad16964840ab,3.72962,2.81254,0.582427,0.73463,0.676002,0.0417055,0.0400029,2.16827,1.00279,1.40432
03211117,94001a0000497e8ae4b68d3b17c43658,5.25044,4.91067,0.935989,-0.083539,-0.0811777,0.644671,0.755534,0.691717,0.606408,0.689803
02747177,7919df48b23e61ba6739a7caa0c577bd,1.73371,3.19822,0.305325,0.533854,0.51331,-0.480684,-0.469527,0.60465,0.527239,0.72212
04379243,af0206602e75c8bbdc6a693174c70feb,4.69984,4.11812,0.330631,0.68495,0.506159,0.40911,0.327528,2.84023,1.53895,4.5834
03001627,8ab6783b1dfbf3a8a5d9ad16964840ab,4.06012,3.91306,0.570704,0.708047,0.706164,-5.2963e-05,-0.00162589,2.92653,0.988283,16.3088
