# catid-cad,id-cad,tx,ty,tz,qw,qx,qy,qz,sx,sy,sz
04379243,899f815eaad62b56d8cad143689f8b51,1.96499,2.30698,0.296115,0.686933,0.682512,-0.158873,-0.192507,1.76014,2.26992,1.85864
02933112,225905a8841620d7f6fe1e625c287cfa,3.84599,5.14292,0.94571,0.227576,0.157479,0.703609,0.65448,2.06139,1.90928,1.89918
03001627,be38dc611c4bdef7f1cdfc0a8f38f2e,2.14891,3.41033,0.466507,0.697038,0.58723,-0.288951,-0.292927,1.14203,0.986563,1.15788
02933112,a3a6f9e80956ec6f4035f93ab9531db,0.795246,3.37278,0.533239,0.671755,0.657394,-0.2125,-0.267249,1.65941,1.5358,1.63509
03337140,2cc64133d27c1946ce5d6e9371bb5c33,4.62205,4.67444,0.582756,0.243803,0.288303,0.606181,0.69999,1.4852,1.23475,1.47394
03001627,be38dc611c4bdef7f1cdfc0a8f38f2e,2.68574,3.5928,0.466682,0.56115,0.461902,-0.381733,-0.570997,2.62737,1.14413,3.55353
02747177,8a50955facbac20ecf19858fd1963d10,0.615521,4.1753,0.304107,-0.234118,-0.590305,0.453373,0.625446,0.616011,0.764649,0.623841
04379243,3b64bf8731a6a2a63c5e1addd9922bf2,2.5901,2.21723,0.734598,-0.368335,-0.358534,0.689833,0.509817,0.896609,1.32863,1.09981
02747177,8a50955facbac20ecf19858fd1963d10,4.63871,4.84714,1.3407,-0.556305,0.633293,-0.48292,-0.237177,0.615851,0.501104,0.508504
