# catid-cad,id-cad,tx,ty,tz,qw,qx,qy,qz,sx,sy,sz
04379243,81eea4f86f308c6a589aae130c1f06fb,2.71819,3.37895,0.501052,0.565027,0.601675,-0.389475,-0.408706,1.21078,1.64847,1.19907
02871439,9ca929d28c1838d5e41994ffd448fd07,4.28434,2.45958,0.538986,0.455883,0.456506,0.55662,0.5234,1.86945,1.42154,2.26078
02747177,85d8a1ad55fa646878725384d6baf445,2.19045,5.37151,0.52584,0.743938,0.633092,-0.0474526,-0.208565,0.65743,0.889918,0.950295
02747177,85d8a1ad55fa646878725384d6baf445,3.66186,3.30826,0.298688,0.734899,0.544178,-0.272978,-0.298793,0.502022,0.471794,0.498949
02801938,f76b14ffc2fe6c7485eb407ec5a0fadd,4.16921,1.89185,0.218981,0.691395,0.722091,-0.0201318,0.0123512,0.370502,0.361384,0.372647
