# catid-cad,id-cad,tx,ty,tz,qw,qx,qy,qz,sx,sy,sz
02828884,eb9938d81ec9005882db9fca4b68095,5.80767,5.58366,0.778515,0.517942,0.586273,0.440616,0.440315,1.86513,1.30004,1.4053
04256520,c856e6b37c9e12ab8a3de2846876a3c7,2.58257,8.11306,1.5213,0.640367,0.598259,-0.305065,-0.372762,2.25885,3.49585,2.44416
04256520,c856e6b37c9e12ab8a3de2846876a3c7,2.96523,9.08985,1.4932,-0.32888,-0.469309,0.608125,0.549337,4.14822,3.29837,3.43501
02828884,eb9938d81ec9005882db9fca4b68095,5.49639,4.38313,0.671272,0.76264,-0.353487,-0.424842,0.33606,1.21182,1.26181,1.3843
