# catid-cad,id-cad,tx,ty,tz,qw,qx,qy,qz,sx,sy,sz
03001627,9368cd9028151e1e9d51a07a5989d077,4.22404,1.33513,0.429827,0.674315,0.733735,-0.0441955,-0.0705591,1.33042,1.39081,1.24687
03001627,572cbd8b4cbdf7f1f91663a74ccd2338,5.16194,1.994,0.514973,0.410813,0.482258,0.51679,0.575836,1.78228,1.28185,1.37099
04379243,3d3e1b8e6f1cd412492d9da2668ec34c,4.24529,2.45133,0.368904,0.706614,0.706763,0.0253175,0.0232593,2.14939,2.20498,3.24049
03001627,9368cd9028151e1e9d51a07a5989d077,5.28756,2.52409,0.408292,0.676663,0.468674,-0.329843,-0.46225,2.06037,1.33842,1.39847
02747177,62f4ed6e1df63042cecaed25e0da0964,4.79428,4.91488,0.154795,0.365218,0.819103,-0.216777,-0.385609,0.543898,0.562542,0.544873
03001627,572cbd8b4cbdf7f1f91663a74ccd2338,3.3313,2.40489,0.524268,0.732222,0.469866,-0.419987,-0.258239,1.86309,1.49502,1.55516
03001627,572cbd8b4cbdf7f1f91663a74ccd2338,5.29599,3.09821,0.529726,0.681307,0.705477,-0.0544125,0.187515,1.59199,1.24152,5.01804
03001627,572cbd8b4cbdf7f1f91663a74ccd2338,2.98341,4.84128,0.489414,-0.0655241,-0.0343012,0.804467,0.589375,1.32291,1.18421,1.26621
03001627,572cbd8b4cbdf7f1f91663a74ccd2338,4.72421,-4.75799,0.514384,0.709969,-0.362626,-0.0791772,-0.598479,36.2331,5.82642,52.9444
