# catid-cad,id-cad,tx,ty,tz,qw,qx,qy,qz,sx,sy,sz
02808440,dadeedcb7aeb8344fdbe2bf897d8a820,1.64984,2.19258,0.900976,0.726717,0.68683,-0.00556894,-0.0108028,0.857463,0.918388,0.732872
02773838,54cd45b275f551b276bb31db0358e9c6,0.547987,2.38878,0.316649,0.53469,0.446529,0.507568,0.507043,0.861482,0.685099,0.843459
