# catid-cad,id-cad,tx,ty,tz,qw,qx,qy,qz,sx,sy,sz
04379243,d5c3542c080d61462c45f75322191dd7,0.576045,2.58321,0.517683,-0.393807,-0.430042,0.534534,0.611762,0.735057,0.988544,0.535029
03001627,f1188bef2980d2c985b479b317175b55,0.663225,1.7848,0.399421,0.579525,0.639667,-0.374047,-0.339213,1.4482,1.49897,1.48531
02933112,81bef552e83476ad3da27ece6ae88fff,2.93274,3.22587,1.17982,0.0922434,0.150905,0.671507,0.719581,1.95454,2.04378,1.60237
02818832,76db17c76f828282dcb2f14e2e42ec8d,1.54457,3.97548,0.658295,-0.411539,-0.497609,0.533824,0.545942,2.91804,2.75574,2.06898
02747177,85d8a1ad55fa646878725384d6baf445,2.42916,3.52869,0.38956,-0.423415,-0.464484,0.559289,0.540528,0.528352,0.672581,0.482242
02871439,fbc6b4e0aa9cc13d713e7f5d7ea85661,1.5952,3.59737,1.47208,0.0511905,0.0854659,0.548108,0.830453,1.38253,2.0351,1.83906
02871439,34128cd8b8ddbbedd92903da5c4b5ef6,1.33939,2.02681,0.488055,0.659952,0.751305,0.000728475,-0.00185304,10.1278,3.64611,15.4092
