# catid-cad,id-cad,tx,ty,tz,qw,qx,qy,qz,sx,sy,sz
02871439,c214e1d190cb87362a9cd5247487b619,1.84948,0.873506,0.721959,0.702222,0.704203,-0.0659268,-0.0814623,0.987667,1.52465,1.22869
03001627,d619fd50c4d0fb46dea83bbf303af433,4.31442,2.67361,0.497412,0.716256,0.685706,-0.0990246,-0.0835439,1.54832,1.44656,1.27299
02933112,94f4f2342f6335c5875c4d98e634f167,3.51383,3.35874,0.526414,0.0733535,0.135788,0.728031,0.667946,1.07225,1.34821,1.2129
02818832,c2b65540d51fada22bfa21768064df9c,4.04571,1.08076,0.487243,0.562275,0.543596,0.425419,0.455377,2.85517,2.68455,3.03235
02871439,c214e1d190cb87362a9cd5247487b619,0.808358,2.545,1.23144,0.555903,0.48204,-0.444358,-0.511033,1.42691,2.5347,1.26295
02747177,93d5f21e94ac5fb68a606c63493ddb7c,3.93082,3.20497,0.208651,0.383066,0.814238,0.369502,0.231829,0.397971,0.448481,0.439891
04379243,c958f04d72957fb855182f299fe41fdc,3.87772,2.97811,1.14084,0.70058,-0.588756,0.283816,-0.28636,0.973451,1.74681,1.01568
