# catid-cad,id-cad,tx,ty,tz,qw,qx,qy,qz,sx,sy,sz
04379243,12e1f83d5fb0af107d0cdce142e729b2,4.05788,4.12509,0.732665,-0.328821,-0.31872,0.631228,0.625976,2.97036,3.26865,2.90369
03001627,9b76a0424563e3f4dbbc9440457e303e,0.636486,3.20102,0.672101,-0.303769,-0.279226,0.755554,0.508817,1.46633,1.24065,1.47838
03001627,9b76a0424563e3f4dbbc9440457e303e,2.58706,0.984347,0.672576,0.645656,0.708454,-0.212811,-0.18956,1.38351,1.12704,1.37209
03001627,9b76a0424563e3f4dbbc9440457e303e,2.61901,5.82202,0.674753,-0.270394,-0.225245,0.672908,0.650651,1.31139,1.13023,1.3248
04379243,40addb4af618318dad5067eac75a07f7,7.20591,6.9691,0.667973,0.178626,0.1884,0.730232,0.631948,1.09377,0.985833,1.04611
03001627,9b76a0424563e3f4dbbc9440457e303e,4.31611,1.40809,0.617609,0.710089,0.512521,0.466611,-0.123977,1.32941,1.3951,1.49033
04379243,40addb4af618318dad5067eac75a07f7,3.87089,0.771531,0.728524,0.479843,0.672443,0.40989,0.386731,1.1833,1.18956,1.13216
04379243,63b53646b3562677d395837145ded71,6.84623,4.93161,0.460094,0.664161,0.636099,0.236448,0.313625,1.80895,1.30593,1.80028
