# catid-cad,id-cad,tx,ty,tz,qw,qx,qy,qz,sx,sy,sz
03001627,8ddae5e2493ab76af91663a74ccd2338,3.33268,3.10247,0.527412,0.6798,0.685898,-0.205421,-0.158802,1.2794,1.23215,1.24178
02871439,b1696f5b9b3926b1a523e28192de797e,1.59165,0.839765,1.12515,0.630655,0.67599,-0.275588,-0.263369,1.80044,1.9588,1.80246
04379243,2fe32a0c23de48b7a4462b13868efd3c,3.87043,3.4004,0.737536,0.235215,0.243216,0.689913,0.639953,1.94406,2.07724,1.90127
02933112,40470660e2b7a9ad6fa0ab61d9f9d96d,2.52632,4.2273,0.425985,0.204011,0.252381,0.662889,0.674731,1.36971,2.10991,1.38873
03337140,4427e5eac495c14e40a7c7e360f68f9b,2.10173,1.01232,1.14367,0.721776,0.573301,-0.373123,-0.105565,2.44472,2.3444,2.30397
02871439,c007d1b4972f70102751be1fc72418bb,0.707541,1.76719,1.09569,0.223097,0.0794207,0.578899,0.780254,4.92747,2.59109,6.97875
