# catid-cad,id-cad,tx,ty,tz,qw,qx,qy,qz,sx,sy,sz
04256520,955d633562dff06f843e991acd39f432,3.0259,1.89645,0.604831,0.596693,0.519972,0.407832,0.455257,3.08042,2.59763,2.6608
04379243,459a13812561557e26217a9a857cd404,1.82801,2.60158,0.262083,-0.444892,-0.402288,0.591109,0.539282,1.35876,1.0205,0.890606
02933112,a3a6f9e80956ec6f4035f93ab9531db,3.60598,3.96722,0.393421,0.0507899,0.0665383,0.691113,0.717883,1.05415,1.1087,1.19903
03001627,38bdba5f6455c5ff91663a74ccd2338,2.26044,3.9471,0.373877,0.737895,0.665931,0.0882961,-0.0651987,4.73676,1.32709,1.55826
