# catid-cad,id-cad,tx,ty,tz,qw,qx,qy,qz,sx,sy,sz
02933112,462ee81a089208caf2f140388f79bf7c,2.22142,3.03468,1.69087,-0.175807,-0.0676827,0.729226,0.657831,1.61433,1.32534,0.972184
02933112,87b62cc2f0368983824662341ce2b233,2.89308,0.853321,0.627329,0.707093,0.651299,0.217589,0.168774,1.95192,1.28248,1.82155
02933112,225905a8841620d7f6fe1e625c287cfa,3.92542,1.34724,0.963399,0.68044,0.683424,0.189382,0.184577,1.94079,1.89864,1.94978
02933112,7d95374a9110157c7d8c689e1315827b,1.02428,1.47281,0.568721,0.537634,0.669821,-0.318949,-0.400701,1.51061,1.41577,1.27153
02933112,1b32d878eeb305e45588a2543ef0b0b4,1.95078,0.415238,0.534478,0.69697,0.71707,-0.00431984,-0.00488364,1.63976,2.56778,1.8678
04330267,15e020e34e3d2bba60ddc468fe733ed1,0.883805,2.2005,1.08232,0.728589,-0.530464,-0.092169,0.423404,1.61409,1.55234,1.60842
