# catid-cad,id-cad,tx,ty,tz,qw,qx,qy,qz,sx,sy,sz
02933112,aa28deb4dd304d12f51f77a6d7299806,5.54456,1.99613,0.667506,0.372803,0.324849,0.615678,0.613541,1.75015,1.77106,1.61746
02818832,4dbd37cb85686dea674ce64e4bf77aec,3.67687,2.76308,0.778268,-0.15411,-0.135414,0.681075,0.702887,3.07927,3.15287,2.92703
03636649,4b48b7f72cb4f56ef00f0216ab99ff30,4.25099,3.97631,1.19653,0.544507,0.467933,0.505635,0.478418,0.678765,0.637368,0.722885
04379243,10f1b51f2207766ff11c3739edd52fa3,4.55159,3.85001,0.641431,-0.118264,-0.115348,0.686233,0.708373,1.08319,1.06639,1.00893
02933112,cb6ca53673e681797292641f4348a707,3.45669,0.496382,0.737335,0.704617,0.668303,0.194266,0.138374,1.89336,1.78226,1.68865
02933112,5e61fc6946ed74c3532e8683617554c4,2.22778,0.494693,0.386305,0.535961,0.808211,0.0417824,0.240407,0.672688,0.619006,0.758551
02933112,5e61fc6946ed74c3532e8683617554c4,1.13206,2.6045,0.628135,0.595822,0.41357,-0.536324,-0.43164,0.678202,0.850678,0.635122
