# catid-cad,id-cad,tx,ty,tz,qw,qx,qy,qz,sx,sy,sz
04256520,556166f38429cdfe29bdd38dd4a1a461,3.51507,1.17445,0.524781,0.708411,0.703665,-0.031383,-0.0449933,2.30358,2.49083,2.32132
03001627,10de9af4e91682851e5f7bff98fb8d02,4.10672,3.27484,0.429254,0.542597,0.545598,0.454203,0.449011,1.47416,1.48734,1.5198
04379243,eb9b9b8d186a974a7afee304cce81d6f,3.13606,3.41723,0.327903,-0.48689,-0.449839,0.512959,0.545395,1.91183,1.55257,1.97191
04379243,b789ef3e2e28aa0c3b08200028f31a6a,4.28741,1.85971,0.443452,0.703233,0.706368,-0.0618304,-0.0518189,1.38019,1.3012,1.37188
03001627,c2ad96f56ec726d270a43c2d978e502e,2.97153,2.25137,0.545386,0.63209,0.616588,-0.327426,-0.336264,1.19585,1.02355,1.17432
03642806,22367d72d95e021aa458f8df8b43cd95,3.22795,3.19477,0.908102,0.529949,0.692846,-0.463805,-0.154929,0.555605,0.505622,0.509163
04379243,76814dd29a8fdd76e400ee8c5c49a7eb,3.4062,2.78832,0.408094,0.679123,0.676402,0.224789,0.175337,1.45283,1.73948,1.33413
03642806,22367d72d95e021aa458f8df8b43cd95,3.37062,4.1155,1.03688,0.406131,0.866298,-0.0289874,0.289388,0.383057,0.437041,0.434616
03928116,5c2a57c2cff7cc06d636d2b2e734dd7a,5.11686,2.12974,0.689654,0.809132,0.58351,-0.00290618,-0.069382,2.37901,1.65301,2.39334
