# catid-cad,id-cad,tx,ty,tz,qw,qx,qy,qz,sx,sy,sz
04379243,9611888ee0db1ecaf7d4d3ced798ad90,1.06364,2.46003,0.635193,-0.000878,-0.0238112,0.716196,0.697492,1.96907,1.35049,1.57739
04379243,9611888ee0db1ecaf7d4d3ced798ad90,0.213486,2.95568,0.644089,0.523713,0.544253,-0.466919,-0.459892,1.85088,1.38236,1.52488
03001627,a66d78cbf3603e8bba9df3ea0397b1a6,2.01837,3.41224,0.47812,0.531546,0.314613,0.592827,0.516752,0.850956,1.05109,0.626029
