# catid-cad,id-cad,tx,ty,tz,qw,qx,qy,qz,sx,sy,sz
04379243,a8713681fccb1d647ff6ace05b36a5,3.56649,8.28206,0.349778,-0.186805,-0.195328,0.658557,0.702321,1.58977,1.35988,1.47398
04256520,849ddda40bd6540efac8371a83e130ac,2.8703,9.28168,0.465378,-0.264203,-0.288354,0.752158,0.530384,2.106,3.73391,2.2805
04256520,849ddda40bd6540efac8371a83e130ac,3.32806,4.92229,0.522993,0.0873053,0.192309,0.808607,0.549135,2.31672,3.3432,2.46471
