# catid-cad,id-cad,tx,ty,tz,qw,qx,qy,qz,sx,sy,sz
02933112,8994e11588b62bdfed208c42f7ada5c4,2.66506,2.60465,0.405631,0.518623,0.576739,-0.451906,-0.440662,2.37505,1.82444,1.89772
