# catid-cad,id-cad,tx,ty,tz,qw,qx,qy,qz,sx,sy,sz
03001627,796903c53c6de2025213cec267286d18,2.97034,1.86403,0.462385,0.69757,0.71382,-0.0282443,-0.0553091,1.15927,1.22518,1.03643
03001627,796903c53c6de2025213cec267286d18,3.41323,3.76057,0.454973,0.17874,0.109264,0.710926,0.67134,1.24691,1.18881,1.17748
03001627,796903c53c6de2025213cec267286d18,2.18823,2.69719,0.475892,0.550258,0.53564,-0.369312,-0.523369,1.06599,1.25419,1.25733
03001627,796903c53c6de2025213cec267286d18,4.51224,2.82224,0.610369,0.537853,-0.0888286,-0.516914,0.660018,1.25751,1.32291,1.31394
