# catid-cad,id-cad,tx,ty,tz,qw,qx,qy,qz,sx,sy,sz
03001627,8ab6783b1dfbf3a8a5d9ad16964840ab,3.61862,2.35235,0.620417,-0.431729,-0.449541,0.56729,0.538242,1.26746,0.987365,1.20871
02933112,63397b0df482d51ad7838dc22b16368e,1.20822,4.32154,0.607557,0.0992479,0.0748815,0.681025,0.721629,1.53635,1.67314,1.60556
02933112,225905a8841620d7f6fe1e625c287cfa,2.30025,3.9993,0.946966,0.114088,0.127277,0.700796,0.692582,1.85167,1.8374,1.84983
02747177,93d5f21e94ac5fb68a606c63493ddb7c,1.15187,2.65032,0.288462,0.138194,0.202571,0.661095,0.709099,0.567687,0.442497,0.550616
02808440,38773e1ff9871cb33321831d2245cf06,0.554005,3.8307,0.87191,-0.404488,-0.415174,0.558166,0.593692,0.820451,0.843075,0.872079
02933112,5984042b95305aee4da5feafe6f1c8fc,1.16038,3.70415,0.752118,-0.221414,-0.344183,0.569866,0.712577,2.69437,1.96058,2.84908
04379243,439ea10da7a148bb2f210d96281fe860,4.13253,0.868586,0.292922,0.776664,-0.146574,-0.248573,0.559929,0.632722,0.576809,0.585936
04330267,89550f9f628589bd3e65b46d4ef6236d,2.60638,4.70257,1.34895,0.385226,0.8936,-0.180278,-0.143456,1.39154,1.42723,1.42186
