# catid-cad,id-cad,tx,ty,tz,qw,qx,qy,qz,sx,sy,sz
02871439,d841664bb8c7b842cbf15a79411ef31b,4.40391,0.312161,0.325901,-0.310116,-0.364675,0.554691,0.680557,1.12804,0.778413,0.885527
02933112,5d8c63fce0f30a46f251828d7c328331,6.40885,1.48556,0.417653,0.524653,0.60649,0.427093,0.417732,1.24291,1.03684,1.02854
