# catid-cad,id-cad,tx,ty,tz,qw,qx,qy,qz,sx,sy,sz
04379243,4bbf789edb243cafc955e5ed03ef3a2f,2.72393,3.359,0.597408,-0.0462683,-0.03307,0.704798,0.707124,1.90669,1.9979,2.68107
02747177,14a49c2b9f46faa04d6ef9ab90177563,0.657206,3.02075,0.227906,0.532578,0.535082,-0.44937,-0.477614,0.627735,0.434176,0.571655
03211117,94001a0000497e8ae4b68d3b17c43658,3.81704,5.01183,0.960499,-0.00496034,-0.0862011,0.615146,0.783671,0.587415,0.698409,0.837267
03001627,8ab6783b1dfbf3a8a5d9ad16964840ab,2.96828,2.91171,0.559211,0.65479,0.675987,0.261885,0.213794,2.16361,1.01892,2.15177
