# catid-cad,id-cad,tx,ty,tz,qw,qx,qy,qz,sx,sy,sz
04379243,cf24f0128755080569080f7eaa8f3e1d,3.62942,3.1717,0.510099,-0.490018,-0.463375,0.513671,0.530385,1.75464,1.99108,1.79854
04256520,867d1e4a9f7cc110b8df7b9b18a5c81f,4.04779,7.73155,0.774722,0.0156039,0.0244811,0.680784,0.731908,3.09092,3.61982,3.66905
04379243,a8713681fccb1d647ff6ace05b36a5,3.9706,6.89554,0.394611,-0.368914,-0.358196,0.602382,0.610519,0.773527,1.38968,0.780388
