# catid-cad,id-cad,tx,ty,tz,qw,qx,qy,qz,sx,sy,sz
02871439,c214e1d190cb87362a9cd5247487b619,3.87158,0.93879,0.676943,0.687387,0.644467,0.246743,0.226451,1.35034,1.26426,1.33282
02871439,a976a61f71a8e700876ba2153f34d1b9,2.28253,1.94808,1.81425,0.603279,0.692236,-0.283198,-0.27688,1.52072,2.57062,1.52924
04256520,b2a9553d5d81060b36c9a52137c03278,2.75203,1.90675,0.425685,0.647366,0.651971,-0.278912,-0.279391,2.43196,3.1577,2.43503
03001627,49434684366778973002761e7a3ba3bd,1.98,4.64477,0.552354,0.635676,0.524144,-0.409196,-0.392109,1.44193,1.30047,1.96858
03001627,308b76aac4b518a43eb67d9fb75cc878,1.32828,4.74125,0.682649,0.0244671,0.0114918,0.726226,0.686924,0.847677,1.07148,0.782887
03001627,308b76aac4b518a43eb67d9fb75cc878,3.86178,1.98303,0.483034,-0.256819,-0.287428,0.662879,0.641888,0.85456,1.02669,0.855033
02747177,85d8a1ad55fa646878725384d6baf445,4.35263,1.43288,0.286414,0.642279,0.766373,0.0068953,0.0100823,0.650043,0.508274,0.453066
03211117,792839c9e28f5afe4edf4a0df1fbc500,2.6584,5.42378,1.05659,0.175109,0.347036,0.616771,0.684468,1.29458,0.976293,1.31498
