# catid-cad,id-cad,tx,ty,tz,qw,qx,qy,qz,sx,sy,sz
03001627,bdc892547cceb2ef34dedfee80b7006,4.32092,5.38437,0.41624,-0.0519494,-0.0583721,0.728347,0.680739,1.25447,1.19462,1.28854
03001627,9368cd9028151e1e9d51a07a5989d077,6.45609,4.56486,0.435307,0.380605,0.41475,0.628274,0.537024,1.34337,1.32185,1.29648
03001627,9368cd9028151e1e9d51a07a5989d077,4.64046,3.48432,0.443712,0.431345,0.648305,-0.49423,-0.386495,1.16771,1.34331,1.26729
03001627,9368cd9028151e1e9d51a07a5989d077,7.55831,2.03003,0.41771,-0.294909,-0.324448,0.608605,0.661334,1.2259,1.32387,1.23084
04379243,449491be7c2586bf261efd8e659b02a2,5.62432,3.44558,0.495345,0.574698,0.510877,0.452407,0.451724,3.1168,2.4379,4.45494
03001627,9368cd9028151e1e9d51a07a5989d077,4.89817,2.80327,0.605891,0.743456,-0.148151,-0.613503,0.221218,1.31629,1.27791,1.30028
03001627,9368cd9028151e1e9d51a07a5989d077,6.26953,-4.58002,-7.62967,-0.0708551,-0.361945,0.928023,-0.0524219,1.34434,1.35988,1.38762
03001627,9368cd9028151e1e9d51a07a5989d077,9.64327,0.754628,0.165368,-0.0912334,0.923863,-0.327167,0.176397,1.27953,1.27348,1.3102
