# catid-cad,id-cad,tx,ty,tz,qw,qx,qy,qz,sx,sy,sz
02933112,bc7973150ac25b1ce08dea88cca8641e,5.18068,0.651536,0.776712,0.70924,0.701546,-0.0690372,-0.00674982,2.19066,1.74685,1.60683
02933112,50c7e5dace1d5dffc6256085755e32ef,1.4602,2.07552,0.505509,0.0260579,0.0425325,0.691872,0.720295,1.21629,1.06531,1.41568
02933112,bc7973150ac25b1ce08dea88cca8641e,4.38661,0.723727,0.747194,0.737884,0.625342,-0.249442,0.0474635,4.92501,1.74021,2.03799
03001627,7a7b08cf81cf358a8616812464c86290,4.57777,2.09958,0.559762,0.190225,0.0466464,0.668158,0.717776,2.42706,1.10208,1.29848
02933112,bc7973150ac25b1ce08dea88cca8641e,0.946401,1.80791,0.551132,0.578967,0.736186,0.0134925,0.350209,1.37446,1.69375,1.38242
02933112,bc7973150ac25b1ce08dea88cca8641e,2.03946,2.30733,1.40627,0.565362,-0.702254,-0.428753,0.0581008,1.34136,1.40968,1.33358
