# catid-cad,id-cad,tx,ty,tz,qw,qx,qy,qz,sx,sy,sz
03001627,484f0070df7d5375492d9da2668ec34c,2.95838,1.52547,0.463914,0.686337,0.726541,-0.0280742,-0.0170921,1.40052,1.41846,1.39103
03001627,b50529fcea40cea9e8f8c11a24c52ebb,1.85391,2.84158,0.549984,-0.0136008,0.0214571,0.706725,0.707032,1.11374,1.25073,1.13496
03001627,484f0070df7d5375492d9da2668ec34c,1.48367,0.973383,0.449902,0.608758,0.644925,-0.328854,-0.324563,1.38095,1.38841,1.39018
02747177,93d5f21e94ac5fb68a606c63493ddb7c,0.594229,1.09854,0.283106,0.49734,0.497601,0.515658,0.489023,0.64078,0.54597,0.433036
04379243,d3fd6d332e6e8bccd5382f3f8f33a9f4,2.25228,1.14442,0.357732,0.0678746,-0.00575496,0.695377,0.715409,1.7452,2.34942,1.61276
03001627,484f0070df7d5375492d9da2668ec34c,2.3648,2.36736,0.427323,0.871947,0.19734,0.313283,0.320342,19.104,7.58838,20.6917
