# catid-cad,id-cad,tx,ty,tz,qw,qx,qy,qz,sx,sy,sz
02871439,c214e1d190cb87362a9cd5247487b619,0.764896,0.561249,0.738161,0.676431,0.736138,-0.0216464,-0.00855319,1.73308,1.59214,2.14908
02933112,a3a6f9e80956ec6f4035f93ab9531db,0.555726,1.71623,0.394879,-0.48539,-0.478302,0.524575,0.510338,1.00462,1.10865,1.05006
02747177,93d5f21e94ac5fb68a606c63493ddb7c,1.41896,1.73093,0.243876,0.54486,0.678255,0.364197,0.332354,0.550108,0.438629,0.512213
02747177,93d5f21e94ac5fb68a606c63493ddb7c,0.466092,1.11248,0.177191,0.438309,0.598888,0.376524,0.55448,0.336997,0.358006,0.339836
