# catid-cad,id-cad,tx,ty,tz,qw,qx,qy,qz,sx,sy,sz
03001627,56e194146b9e584b3321831d2245cf06,1.57883,2.58895,0.349642,0.050872,-0.00165755,0.697896,0.714388,1.47613,1.01047,1.12306
02933112,8994e11588b62bdfed208c42f7ada5c4,1.93565,1.56269,0.595205,0.513227,0.52941,0.483598,0.471653,2.64936,2.74598,2.37581
02808440,d7d4367ef5ee5991b362845c6edb57fc,0.374241,2.26211,0.298606,0.5109,0.513718,0.480764,0.493904,1.6383,1.0507,1.57539
02808440,6751ed8cb63cc76e3321831d2245cf06,2.17781,0.906683,0.873836,0.627437,0.499566,0.5151,-0.302372,0.663319,0.635539,0.483753
02747177,9c0847d6c42eca062846fa729d90e125,0.874457,1.6146,0.168777,0.543358,0.176705,-0.285424,-0.769461,0.753197,0.875931,0.815483
