# catid-cad,id-cad,tx,ty,tz,qw,qx,qy,qz,sx,sy,sz
02933112,1c898677c5b4291c847857e42f50ec6e,0.402245,2.73674,0.713542,-0.499345,-0.496061,0.511419,0.492979,1.2699,1.45694,1.20673
03001627,56e194146b9e584b3321831d2245cf06,0.319175,3.48094,0.374503,-0.484223,-0.478218,0.515317,0.520849,1.26388,1.01075,1.09452
02808440,4a7d4186a966d777e49bb55b21b2d30a,0.921491,4.17625,0.239273,0.72118,0.691877,-0.00544423,-0.0342988,1.74079,1.40336,1.42052
