# catid-cad,id-cad,tx,ty,tz,qw,qx,qy,qz,sx,sy,sz
04379243,3d54679cfdfe8d72e1aff9039d025,1.75971,1.78504,0.718511,-0.0683404,-0.0736211,0.695092,0.711868,1.16682,1.88662,0.983113
03001627,ae9e1ff1ae0b0a8f6ee473575a9f31bd,0.805825,1.7606,0.503653,-0.0771021,-0.0708102,0.731774,0.67346,1.28026,1.1852,0.985651
02808440,7ea685c4ca42c7df63ffebf86d8dd00,1.35288,0.608582,0.377609,0.732256,0.679745,0.0021625,-0.0417555,1.55891,1.70059,1.60972
