# catid-cad,id-cad,tx,ty,tz,qw,qx,qy,qz,sx,sy,sz
04379243,a95828fa4607295674c8eb7e4d6198a5,2.39038,0.832173,0.76001,0.709083,0.670026,-0.193562,-0.10393,1.48348,1.28969,1.18638
02933112,7fadf6464f6ba381921dd903dd0b8b17,3.30897,2.55526,0.353916,0.190095,0.198512,0.675482,0.684238,2.07761,1.85299,2.08265
03001627,267dcb267138fc92c242632b2a8c3129,0.658789,1.6513,0.252993,0.520409,0.574395,-0.443696,-0.449865,1.44152,1.31056,1.48072
04379243,8bd48b85e15e23e162c098c9081f25f4,1.75277,1.25985,0.938308,0.561055,0.236217,-0.0792061,0.789396,1.59585,1.6122,1.61344
