# catid-cad,id-cad,tx,ty,tz,qw,qx,qy,qz,sx,sy,sz
02747177,d30c7f6073bb8565c8a06b09a9a18b3d,3.7077,3.90742,0.734014,0.585793,0.551303,0.410771,0.42916,1.75791,1.26587,1.06454
04379243,612117acf07984468e52a975e7251969,2.3428,4.91006,0.469712,0.690406,0.718495,0.0769146,0.0344654,1.99004,1.87575,1.71275
04379243,899f815eaad62b56d8cad143689f8b51,3.78392,2.46483,0.290524,0.469459,0.476078,0.519494,0.532057,1.96269,2.33568,1.7864
02747177,afe2cc6a31c13eff2b8e1e034cf1c1a9,1.89083,3.96951,0.443431,0.67751,0.730699,0.0302992,0.0783646,0.614721,0.943243,0.766277
02747177,85d8a1ad55fa646878725384d6baf445,2.07388,0.326681,0.783115,0.537223,0.459534,-0.513739,-0.486099,0.634939,0.726155,0.628828
02747177,93d5f21e94ac5fb68a606c63493ddb7c,3.86976,4.31866,0.446845,0.642176,0.570957,0.213564,-0.464768,0.73253,0.612227,0.569273
02747177,af32b6f5a0343c107c35d3c5d3b1fcf7,2.34297,0.716229,0.436619,0.579766,0.226123,-0.774645,-0.11254,0.377112,0.403455,0.467708
