# catid-cad,id-cad,tx,ty,tz,qw,qx,qy,qz,sx,sy,sz
02871439,465bb5a9ed42ad40a5817f81a1efa3cc,2.48147,3.70144,1.18844,0.140677,0.168415,0.676276,0.703205,1.42528,1.22878,1.34442
03001627,bdc892547cceb2ef34dedfee80b7006,2.39831,2.9222,0.388419,0.674711,0.736061,-0.0431285,-0.0334602,1.43439,1.22819,1.35405
04379243,28f3844a7a3d37399c0ca344f487323e,2.97911,1.07944,0.424038,0.468219,0.487908,0.510676,0.530969,2.60809,1.57245,2.61385
02747177,93d5f21e94ac5fb68a606c63493ddb7c,1.2774,1.79467,0.26961,0.759295,0.648725,0.0308456,-0.0409248,0.672307,0.550412,0.590824
02818832,c758919a1fbe3d0c9cef17528faf7bc5,4.39313,1.14345,0.645543,0.706686,0.705554,-0.00800807,-0.0521974,5.15174,3.76553,2.89177
