# catid-cad,id-cad,tx,ty,tz,qw,qx,qy,qz,sx,sy,sz
04379243,9ea5a3905313b07e3d752b0785b76136,1.71951,1.03794,0.428384,0.743479,0.664948,0.0564024,0.0436056,1.47986,1.9361,1.59272
