# catid-cad,id-cad,tx,ty,tz,qw,qx,qy,qz,sx,sy,sz
02747177,c21d8f5641be31a285cac25b72167160,3.22833,3.92045,0.147638,0.214977,0.172189,0.127243,0.952861,0.365416,0.325054,0.310724
04379243,d26f2c85a4aafa72db6f3ca49e992ad8,4.07822,2.37214,0.554387,0.588445,0.665601,0.390101,0.241927,1.22507,0.882034,1.24587
