# catid-cad,id-cad,tx,ty,tz,qw,qx,qy,qz,sx,sy,sz
02871439,1d3014ad5c35944f9af68b4b3261e1f8,5.00633,0.673222,0.682676,0.575383,0.618837,0.375331,0.380922,1.26108,1.2697,1.09232
04256520,61f828a545649e98f1d7342136779c0,3.514,1.04795,0.224847,0.698729,0.699557,-0.085831,-0.122602,2.33495,2.42244,2.53223
03001627,9368cd9028151e1e9d51a07a5989d077,1.62185,3.14769,0.564053,0.700199,0.628177,-0.314739,-0.126706,1.84292,1.32799,1.68453
02747177,93d5f21e94ac5fb68a606c63493ddb7c,5.16453,1.27986,0.317047,0.621571,0.590451,0.369346,0.35861,0.523748,0.534226,0.479121
03001627,308b76aac4b518a43eb67d9fb75cc878,4.43151,1.57799,0.527965,-0.328415,-0.339446,0.659689,0.584577,1.05321,1.09374,1.05788
02933112,7324733dbe394447e78cc773ba5d9e52,4.16135,1.05381,0.602965,0.720319,0.69355,0.00838129,0.00767584,3.81329,1.68749,6.74963
02818832,698ef3d1a8c0c829c580fdeb5460f6d6,3.83684,2.71749,0.577223,-0.33072,-0.44683,0.507249,0.658533,2.05337,1.37289,3.2688
03001627,308b76aac4b518a43eb67d9fb75cc878,4.58997,2.0554,0.650221,0.583598,0.786558,-0.0500394,0.195542,1.03299,1.09826,1.07103
02818832,698ef3d1a8c0c829c580fdeb5460f6d6,2.54988,3.07466,0.551905,0.724518,0.689081,0.0130698,-0.00837116,1.87599,1.41279,1.38513
