# catid-cad,id-cad,tx,ty,tz,qw,qx,qy,qz,sx,sy,sz
03001627,56e194146b9e584b3321831d2245cf06,1.20611,2.08884,0.415901,-0.170325,-0.154028,0.680891,0.695452,1.33696,1.24828,1.25931
02808440,6be7c8fafd1268776b448b8aaebb705c,2.15354,2.02724,0.134751,0.399955,0.408999,0.581144,0.578815,1.95139,1.14286,1.89993
02747177,85d8a1ad55fa646878725384d6baf445,1.55468,1.71914,0.299288,0.70377,0.600162,-0.0811167,-0.371395,0.479892,0.50814,0.46964
02808440,f6f4dc302b85c7f96fe347138aa3101c,0.555512,1.30576,0.860632,0.625793,0.57315,-0.357827,-0.389668,0.858872,0.833841,0.847035
