# catid-cad,id-cad,tx,ty,tz,qw,qx,qy,qz,sx,sy,sz
03001627,56e194146b9e584b3321831d2245cf06,6.14947,2.26462,0.410018,0.169198,0.133089,0.696441,0.684565,1.27334,1.12931,1.20251
02747177,85d8a1ad55fa646878725384d6baf445,1.85368,3.17916,1.14619,0.401533,0.690745,-0.565718,-0.203974,0.481162,0.593645,0.608048
