# catid-cad,id-cad,tx,ty,tz,qw,qx,qy,qz,sx,sy,sz
03001627,e454cdb43a7118678162dd776d80e71f,4.12125,2.96353,0.447929,0.504608,0.59514,0.454252,0.429923,1.53377,1.58985,1.49802
04379243,14ae5631e7dfa10430bbd4cddd04c77b,3.34162,3.1057,0.587788,-0.465976,-0.465741,0.515993,0.547451,1.64145,1.93096,1.70954
04256520,8458d6939967ac1bbc7a6acbd8f058b,3.49766,0.670122,0.607786,0.703392,0.706557,-0.0457139,-0.0626702,2.52023,2.35823,2.49463
03642806,66d47a84a3d522dc9311bf79d4774e73,3.23229,2.77912,0.989441,0.546197,0.82091,0.159431,0.0485473,0.359236,0.410549,0.496884
04379243,afab57dbd3c7ef0e98d5fc0473d00a1c,4.1537,1.3182,0.667009,0.120156,0.0808834,0.626418,0.765912,3.80717,2.25741,3.93412
03001627,a5df9c511f51228f19fb4103277a6b93,4.00504,0.591449,0.668905,0.678109,0.70819,0.0924239,-0.173472,1.34263,1.54157,1.67785
03928116,95440fc9b3fbb5fb1d4127b3f0e05b90,2.1484,2.77089,0.896758,0.774037,-0.507992,0.147482,-0.347936,1.84222,1.66494,1.83347
