# catid-cad,id-cad,tx,ty,tz,qw,qx,qy,qz,sx,sy,sz
04256520,681d226acbeaaf08a4ee0fb6a51564c3,3.75607,2.44503,0.50638,0.421661,0.466315,0.561264,0.538271,2.59141,1.95342,2.24406
04256520,4653af854bf098f2d74aae0eb2ddb027,2.5111,0.9914,0.353799,0.69616,0.706925,-0.0857717,0.0908954,2.73405,2.6539,2.29689
04256520,4653af854bf098f2d74aae0eb2ddb027,1.082,1.52536,0.536434,0.629231,0.43247,-0.328015,-0.556277,2.8186,2.32348,2.58198
04256520,41b02faaceadb39560fcec8f64d76ffb,1.53508,-0.0966458,0.616101,0.694157,0.719688,-0.00836466,0.0111661,6.29292,3.16381,17.9399
