# catid-cad,id-cad,tx,ty,tz,qw,qx,qy,qz,sx,sy,sz
02747177,85d8a1ad55fa646878725384d6baf445,0.372446,2.35476,0.355749,0.580789,0.513641,0.453846,0.439181,0.507836,0.539958,0.575962
02747177,8e09a584fe5fa78deb69804478f9c547,3.89222,2.30661,0.719457,0.0169765,0.0589914,0.730955,0.67966,1.44256,1.30512,1.05325
04379243,f73d62321bd0a5b7d42ec7e303174a87,3.33021,0.884027,0.541383,0.792413,0.606827,-0.0369929,-0.0497467,3.20452,2.52524,2.23974
04379243,f73d62321bd0a5b7d42ec7e303174a87,4.55959,0.840162,0.552368,0.747419,0.645092,0.156535,0.0268101,3.86008,2.53117,2.17654
