# catid-cad,id-cad,tx,ty,tz,qw,qx,qy,qz,sx,sy,sz
04256520,e9e5da988215f06513292732a7b1ed9a,2.98335,2.68832,0.529438,-0.496326,-0.472896,0.517379,0.5122,1.94074,2.44458,1.96315
02871439,ec882f5717b0f405b2bf4f773fe0e622,4.86598,3.55119,1.12195,0.500535,0.547001,0.486656,0.461975,1.77919,2.08996,1.74476
02747177,6a79fcbbe8eb1ec0162da3dc7be329d5,3.56118,0.591805,0.741259,0.714637,0.691499,-0.0904221,-0.0542735,1.29748,1.32408,1.10278
04379243,b97a0bc7e2213913ae96150e4aa362f9,7.41973,2.06301,0.549736,0.52165,0.532785,0.503071,0.436967,1.92416,2.11255,1.98845
02747177,85d8a1ad55fa646878725384d6baf445,7.54997,3.30919,0.369763,0.553999,0.428709,-0.40247,-0.589331,0.727491,0.616668,1.19056
02933112,bc7973150ac25b1ce08dea88cca8641e,6.3759,3.11225,0.802765,-0.00445393,0.0295333,0.714701,0.698792,1.52,1.71227,1.66691
02933112,462ee81a089208caf2f140388f79bf7c,7.34667,1.02039,0.149363,0.621757,0.372713,0.629228,0.280314,1.52029,1.43776,1.33926
02933112,bc7973150ac25b1ce08dea88cca8641e,7.56767,1.58431,0.417022,0.793786,0.458332,0.363315,0.166845,1.85726,1.94284,1.86195
