# catid-cad,id-cad,tx,ty,tz,qw,qx,qy,qz,sx,sy,sz
03001627,bf236db6dfa517aa456cbf78e1e89022,3.71276,6.02741,0.513761,-0.177555,-0.14668,0.694493,0.681644,1.40125,1.37959,1.51809
04379243,5ec773b266374121e8058cf23f6382c1,3.67344,4.36026,0.440475,0.30873,0.3785,0.665152,0.564798,1.31018,1.38501,1.28989
03001627,bf236db6dfa517aa456cbf78e1e89022,5.19579,3.67892,0.507632,0.696149,0.667768,0.185696,0.187026,1.47493,1.42625,1.53389
03001627,bf236db6dfa517aa456cbf78e1e89022,4.2551,3.24183,0.52823,0.707438,0.680249,0.143275,0.127533,1.44411,1.33041,1.43943
04256520,23833969c0011b8e98494085d68ad6a0,2.83994,3.93577,0.487289,0.615622,0.61807,-0.361793,-0.328794,1.86275,2.69139,1.96066
03001627,bf236db6dfa517aa456cbf78e1e89022,3.11307,5.69982,0.508088,0.901235,-0.0447405,-0.429588,-0.0350305,1.42085,1.50501,1.47308
