# catid-cad,id-cad,tx,ty,tz,qw,qx,qy,qz,sx,sy,sz
04256520,bf01483d8b58f0819767624530e7fce3,2.98946,2.52234,0.535437,0.705581,0.708496,-0.0137223,-0.000199854,1.605,1.5507,1.44161
03001627,eaa4ea82bc814005e6fe3612af521500,1.80727,3.57452,0.611594,-0.285136,-0.246876,0.664425,0.645205,1.11872,1.14787,1.12262
04256520,8659f0f422096e3d26f6c8b5b75f0ee9,0.565586,2.8495,0.537025,0.522441,0.499696,-0.49085,-0.486235,2.22096,2.8728,1.93042
04379243,592819b967c53ef0f1755b5047ed68f,3.01091,3.29456,0.542303,-0.0564886,-0.0350019,0.720764,0.689988,1.8421,1.89607,1.79972
03928116,9b3fde7f4559be2363915d3d0e86b8e1,1.09087,0.574439,0.84198,0.68112,0.730775,0.0387754,0.0232401,1.80782,1.81437,1.63495
04379243,7c46b661b94fdfdd34528a88ad1d85d3,1.64418,2.1522,0.226959,0.500121,0.500403,0.518334,0.480422,1.50826,1.63107,1.09301
04379243,d06d27bc9ad1faabd7bf6fb68df7f786,2.92935,3.79393,0.638847,0.663138,0.701267,0.144233,0.218336,1.70858,2.02625,1.80748
