# catid-cad,id-cad,tx,ty,tz,qw,qx,qy,qz,sx,sy,sz
04379243,e5a84d7ed9a5ce097f4557c0cd5f53a,4.08325,1.88323,0.444537,0.661917,0.577974,-0.338591,-0.336406,1.59652,2.11359,1.68295
04256520,330d44833e1b4b168b38796afe7ee552,1.14954,4.08057,0.53098,0.671996,0.53526,-0.323357,-0.396685,2.23703,1.97724,2.3356
02828884,81df1fcd6e2eec15f231d3622caa1150,1.47713,5.18751,0.630507,-0.224886,-0.403927,0.572802,0.67688,2.0308,1.61392,1.64781
04379243,f99f09473fa068dfc834d9ecc7d5f465,2.14693,4.17553,0.183632,0.710047,0.521547,-0.200869,-0.428339,1.5821,1.98002,1.75139
