# catid-cad,id-cad,tx,ty,tz,qw,qx,qy,qz,sx,sy,sz
03001627,664eb477f8098678f1783a44a88d6274,1.35884,4.39756,0.611004,-0.473826,-0.483241,0.524122,0.516974,1.05491,1.1095,1.0097
04379243,7fd9f6bc9a89d240800a0120f3e757a2,1.89449,4.13115,0.485716,0.510577,0.509518,-0.473935,-0.505062,1.83514,2.2991,1.70566
03001627,d2fe67741e0f3cc845613f5c2df1029a,2.45259,4.04038,0.619065,0.434925,0.40068,0.565315,0.575078,2.53924,1.111,2.14709
02747177,7919df48b23e61ba6739a7caa0c577bd,2.14257,1.97294,0.322147,0.71905,0.628716,-0.187592,-0.22911,0.570769,0.554515,0.606724
02773838,54cd45b275f551b276bb31db0358e9c6,1.56936,3.68831,0.229542,0.571389,0.441519,0.571243,0.390201,0.576162,0.545773,0.675726
04379243,e9ebf354db8fc0fb4faac606fa48b508,1.52559,4.35514,0.133446,0.60633,0.630666,-0.341348,-0.343664,2.59373,2.52545,2.39341
03211117,23c99db82c910931e2c8e43c97ec5a85,0.582871,5.10605,1.35919,-0.184443,0.974584,0.114219,0.0558597,1.06321,0.918018,1.32349
