# catid-cad,id-cad,tx,ty,tz,qw,qx,qy,qz,sx,sy,sz
04256520,60fc7123d6360e6d620ef1b4a95dca08,1.67915,2.94302,0.669155,0.511556,0.418671,-0.496344,-0.562731,5.51671,4.16414,5.45587
04256520,f846fb7af63a5e838eec9023c5b97e00,1.71263,1.92333,0.657402,0.69643,0.621478,-0.144157,-0.328587,5.99522,3.40467,6.27943
04379243,a8713681fccb1d647ff6ace05b36a5,2.68492,3.27402,0.417063,-0.244643,0.670656,-0.202399,0.670377,1.44065,1.35506,1.559
04256520,c3c5818cbe6d0903822a33e080d0e71c,1.15575,3.11684,0.408163,-0.190126,-0.44821,0.777961,0.397161,6.91325,4.95478,5.6305
