# catid-cad,id-cad,tx,ty,tz,qw,qx,qy,qz,sx,sy,sz
03001627,c585ee093bfd52af6512b7b24f3d84,2.79491,3.97955,0.357181,0.219104,0.227896,0.66124,0.680308,1.59546,1.34718,1.56661
03001627,c585ee093bfd52af6512b7b24f3d84,1.81534,4.05687,0.371404,0.225036,0.248211,0.651956,0.680224,1.64547,1.41549,1.6096
03001627,c585ee093bfd52af6512b7b24f3d84,1.37735,1.44251,0.379213,0.591539,0.591146,-0.384554,-0.390827,1.39435,1.43098,1.39935
03211117,d0959256c79f60872a9c9a7e9520eea,1.96546,2.88007,1.07228,0.726453,0.0909478,0.0450812,0.679678,0.614871,0.539057,0.426491
03211117,d0959256c79f60872a9c9a7e9520eea,2.48702,3.11449,0.963138,0.618513,0.676766,-0.275578,-0.288942,0.725418,0.547385,0.720266
