# catid-cad,id-cad,tx,ty,tz,qw,qx,qy,qz,sx,sy,sz
03001627,2a39dbeb52262b975babe43b460dfe6e,4.26665,2.50025,0.501865,0.651554,0.638687,-0.287557,-0.29132,1.23794,1.11205,1.22619
03001627,d6da5457b0682e24696b74614952b2d0,4.13457,3.9059,0.442068,-0.422189,-0.419303,0.55392,0.582335,1.08212,1.08691,1.00851
02871439,b6264b92d0cbd598d5919aa833abb5a,7.28184,5.23919,0.42293,0.6209,0.479947,0.352214,0.509979,1.08374,1.93042,1.50453
02871439,c40828710c91001546c4f23965b7dd40,5.67143,5.77434,0.526208,0.713572,0.684734,-0.131651,0.0679879,3.20668,1.29973,1.51089
02871439,4e26a2e39e3b6d39961b70a6f96df2a4,4.47822,5.52493,0.582957,0.751904,0.658261,0.00347197,-0.036341,7.5951,2.54227,5.67027
04379243,c912a8edbaaf0fc72e6a7aad8523e7e6,4.97672,3.2969,0.500903,-0.343485,-0.317883,0.645043,0.604059,2.56875,1.63844,2.48295
02871439,4e26a2e39e3b6d39961b70a6f96df2a4,3.95657,5.49973,0.550642,0.726451,0.676267,-0.0994198,0.0710466,12.2561,2.87019,6.3999
