# catid-cad,id-cad,tx,ty,tz,qw,qx,qy,qz,sx,sy,sz
02871439,4c773fb32c39ef14891a7a8a744cd90d,0.348215,4.73069,1.1773,0.557869,0.596554,-0.401215,-0.414647,1.38892,1.34231,1.27003
02871439,9ca929d28c1838d5e41994ffd448fd07,2.09702,0.502389,1.5561,0.693269,0.712856,0.0789597,0.0705688,2.30395,1.95379,2.81971
04379243,2ce9bdf770b06e3745a4a35cfc2e42d2,2.54144,6.6493,1.20268,0.583264,0.561437,-0.422018,-0.408035,0.93617,1.514,1.10785
03211117,ea4b90cca359e2d38b9be827bf6fc77,5.23248,6.28309,1.70271,-0.0541082,-0.0969371,0.720383,0.684634,1.12277,1.30028,1.37502
04256520,cceaeed0d8cf5bdbca68d7e2f215cb19,5.97313,3.18469,1.44228,0.679983,0.701002,0.173644,0.126756,4.01748,3.54508,3.50639
03001627,8ab6783b1dfbf3a8a5d9ad16964840ab,1.33001,1.07769,1.18967,0.54178,0.611859,-0.434036,-0.379099,1.16804,0.938895,1.04541
02747177,85d8a1ad55fa646878725384d6baf445,2.69015,6.08264,1.12642,0.284273,0.212518,0.627944,0.692612,0.674449,0.60752,0.680198
02871439,34128cd8b8ddbbedd92903da5c4b5ef6,5.13083,6.2104,1.20224,-0.00849061,-0.130314,0.772672,0.621228,2.81534,2.58225,2.75948
03337140,484a99e5ec7ba9f4b2029d92310f4aeb,5.6943,5.96594,1.79182,0.778652,0.459047,-0.235747,-0.356931,2.30816,1.52007,1.91725
