# catid-cad,id-cad,tx,ty,tz,qw,qx,qy,qz,sx,sy,sz
04379243,b789ef3e2e28aa0c3b08200028f31a6a,2.87123,3.38196,0.391997,0.152351,0.16572,0.682383,0.695471,1.28158,1.22426,1.38984
03001627,a1575aa70fbaab0fc05575120a46cd3b,4.46782,3.01372,0.640737,0.541478,0.534866,0.466941,0.450206,1.36697,1.45028,1.36941
04256520,fb74336a6192c4787afee304cce81d6f,2.31019,2.20623,0.599934,0.65431,0.693231,-0.237768,-0.186482,2.20051,2.61862,2.19465
03211117,d0959256c79f60872a9c9a7e9520eea,1.02984,3.54018,1.22771,0.574606,0.57637,-0.348079,-0.46526,1.45622,1.14797,0.927034
03001627,a1575aa70fbaab0fc05575120a46cd3b,3.91618,4.23583,0.571348,0.338165,0.319335,0.666903,0.58216,1.56077,1.49001,1.62305
03467517,6cdeed314f07b7a8244cb06b21c0ad9a,1.94616,5.70859,0.58315,-0.0511011,0.045194,0.745122,0.66343,1.4564,1.15967,2.34643
04379243,1b805da9981a6393f454e62143e2dffc,1.11604,4.69747,0.372777,0.592068,0.721421,0.231547,0.27458,1.19635,1.59027,1.22061
