# catid-cad,id-cad,tx,ty,tz,qw,qx,qy,qz,sx,sy,sz
02933112,6d5049bc983aa8b4a805114916841d69,1.68107,1.70643,0.425637,-0.0474516,-0.0432476,0.682053,0.728479,1.37551,1.16839,1.29863
03001627,ae9e1ff1ae0b0a8f6ee473575a9f31bd,0.719704,1.71451,0.358934,-0.0579455,-0.0956168,0.692999,0.712216,1.36477,1.11255,1.11755
02808440,693b8a150f9e844e50539bb73fa8aaff,0.865058,0.622601,0.352406,0.741809,0.670545,0.00106247,-0.0093607,1.59788,1.62758,1.70929
04379243,1f8ff48858b1d78136c236fff3cd03ce,2.52588,2.15707,0.0958132,0.697019,0.71269,-0.0305395,-0.0728305,0.673825,0.854395,0.857984
