# catid-cad,id-cad,tx,ty,tz,qw,qx,qy,qz,sx,sy,sz
02933112,716b2e87f41b14cf48d22c298c611495,4.19585,3.54567,0.773164,0.684471,0.257466,-0.476463,-0.488051,1.61473,1.83068,1.62838
