# catid-cad,id-cad,tx,ty,tz,qw,qx,qy,qz,sx,sy,sz
03001627,b1da0d9aab6d2308608505d960f2a393,3.53827,4.61545,0.641564,0.463542,0.520864,-0.500414,-0.51324,1.12398,1.06946,1.03267
03001627,b1da0d9aab6d2308608505d960f2a393,1.11501,4.76777,0.6483,0.485325,0.539118,0.500813,0.472228,1.00648,1.04641,0.962762
03001627,b1da0d9aab6d2308608505d960f2a393,1.15789,3.76125,0.617775,0.451651,0.532828,0.51907,0.492619,1.02497,1.09183,1.04534
04379243,460a915796f36eaa55f86bb3ad320a33,0.762442,4.10523,0.569317,0.527203,0.531456,-0.450137,-0.486814,2.78508,1.85742,1.72931
03211117,6fcbee5937d1cf28e5dbcc9343304f4a,0.680053,3.76215,1.00235,0.54777,0.481084,-0.447741,-0.51772,0.632016,0.550155,0.722678
03211117,6fcbee5937d1cf28e5dbcc9343304f4a,0.659378,4.64756,1.02872,0.545061,0.339519,-0.394775,-0.657106,0.697405,0.61051,0.680483
02747177,85d8a1ad55fa646878725384d6baf445,4.14286,3.82322,0.339286,0.697806,0.584561,0.302117,0.282984,0.468417,0.43136,0.478561
04379243,5c7dde9febf82c72e4d8d44a2bc9dd4d,2.10843,3.54281,0.424884,0.777178,0.48441,0.299088,0.268119,3.04929,2.18641,3.04198
02773838,54cd45b275f551b276bb31db0358e9c6,4.20003,5.03051,1.35977,0.809774,-0.208257,-0.421638,0.35088,0.54,0.559215,0.619853
