# catid-cad,id-cad,tx,ty,tz,qw,qx,qy,qz,sx,sy,sz
03001627,a3acfe6f313ab881bb088904f7cb154,2.97857,3.19452,0.234248,0.51899,0.460185,-0.497572,-0.520865,1.23888,1.09022,1.02136
03001627,a3acfe6f313ab881bb088904f7cb154,3.69544,1.51776,0.22749,-0.0405538,-0.0377594,0.701283,0.710727,1.1984,1.04716,1.19503
03001627,a3acfe6f313ab881bb088904f7cb154,3.881,3.35527,0.226449,0.42189,0.472078,0.523513,0.570163,1.1171,1.09873,1.07545
03001627,a3acfe6f313ab881bb088904f7cb154,2.0606,1.45037,0.266229,-0.00403697,-0.101634,0.727312,0.678728,2.57467,1.15362,1.13596
03001627,a3acfe6f313ab881bb088904f7cb154,4.00918,1.69261,0.604556,-0.387408,0.826929,-0.337784,-0.228048,1.04335,1.04019,1.09139
