# catid-cad,id-cad,tx,ty,tz,qw,qx,qy,qz,sx,sy,sz
02933112,bc7973150ac25b1ce08dea88cca8641e,2.02874,0.972908,0.663781,0.527716,0.484579,-0.480228,-0.506043,1.64596,1.4905,1.50971
03001627,56e194146b9e584b3321831d2245cf06,3.59473,0.539652,0.41837,0.707101,0.706417,-0.0204221,0.0238144,1.25664,1.09737,1.11217
02747177,93d5f21e94ac5fb68a606c63493ddb7c,1.7552,1.73252,0.161305,0.0951684,0.133599,0.95061,0.263504,0.386573,0.510948,0.488523
