# catid-cad,id-cad,tx,ty,tz,qw,qx,qy,qz,sx,sy,sz
03001627,4438e29f9d3cf45bfe52ffd0e748a1ab,3.26492,0.351203,0.413501,0.695582,0.710027,-0.0892175,-0.0637801,1.41471,1.15207,1.19876
02808440,4a7d4186a966d777e49bb55b21b2d30a,4.1734,0.728774,0.186303,0.542765,0.530226,0.457471,0.463668,1.68411,1.4019,1.73086
