# catid-cad,id-cad,tx,ty,tz,qw,qx,qy,qz,sx,sy,sz
02933112,a3a6f9e80956ec6f4035f93ab9531db,3.80479,4.65408,0.560027,0.199134,0.180555,0.673141,0.688931,1.42866,1.48791,1.46412
02818832,9fb6014c9944a98bd2096b2fa6f98cc7,3.80575,1.99226,0.651224,0.682823,0.662704,-0.20313,-0.230897,2.76121,3.04408,2.85606
04379243,6f052c8606dd3ac3de03ab2a27ba7531,2.62889,4.85589,0.265646,0.565617,0.675228,0.224012,0.417089,0.794312,0.693404,0.803666
02818832,9fb6014c9944a98bd2096b2fa6f98cc7,4.28707,1.70469,0.614558,0.741215,0.663652,0.0405119,-0.0923274,2.63051,2.82731,3.86745
