# catid-cad,id-cad,tx,ty,tz,qw,qx,qy,qz,sx,sy,sz
03001627,3e8ad99691e8ea4c504721639e19f609,2.36587,5.30118,0.556915,-0.0278948,-0.0563335,0.68567,0.725193,1.36794,1.02532,1.17074
03001627,3e8ad99691e8ea4c504721639e19f609,1.49152,1.72905,0.570432,0.711672,0.699937,-0.0459272,-0.0387507,1.21158,1.1317,1.1537
04379243,3b64bf8731a6a2a63c5e1addd9922bf2,3.19963,3.18113,0.409596,0.650635,0.755617,0.00147981,-0.075605,2.9491,2.02465,2.88094
04379243,3b64bf8731a6a2a63c5e1addd9922bf2,2.68832,3.59033,0.451607,0.432094,0.751018,0.367497,0.337954,3.18809,2.32509,3.00462
