# catid-cad,id-cad,tx,ty,tz,qw,qx,qy,qz,sx,sy,sz
04379243,6e31a64910fa5fdc9db8ad97fd392b59,0.552308,1.45659,0.113018,-0.461232,-0.433673,0.529623,0.564529,1.5235,1.78869,1.62761
04554684,5947c6f05f5f74437b3ec0bc4f26f615,1.52282,1.03432,0.639131,0.732951,0.671257,-0.109991,0.00996316,3.30455,1.41893,1.43747
04554684,5947c6f05f5f74437b3ec0bc4f26f615,0.381488,2.82952,1.14411,0.884643,0.202318,-0.268229,-0.323307,1.32626,1.38549,1.58405
