# catid-cad,id-cad,tx,ty,tz,qw,qx,qy,qz,sx,sy,sz
03001627,7520005e70a54526c266013a269e5f81,1.58742,5.3185,0.82509,-0.0720973,-0.0265213,0.710458,0.699534,1.24601,1.11524,1.25757
03001627,aaba865e99c23e7082db9fca4b68095,5.02873,6.33199,0.668056,0.0102406,-0.0348235,0.68476,0.727864,1.19079,1.01832,1.22071
03001627,ce33bf3ec6438e5bef662d1962a11f02,4.99327,6.21866,0.177007,-0.0125675,-0.0208371,0.703869,0.709913,1.26656,1.23611,1.19835
04379243,612117acf07984468e52a975e7251969,3.36599,5.19537,0.634199,0.724974,0.687585,0.0404977,-0.000178402,1.94961,2.21283,1.80345
03001627,d73e46e07bdb3fe75fe4ecea39e8bd40,3.29388,3.39831,0.657678,0.716206,0.695576,0.0352346,0.0445192,0.841573,1.08242,0.91409
03001627,9635dbdc4e34b7efffcd08faf4fccd0f,4.49781,3.36081,0.752879,0.71513,0.696005,-0.00488275,0.0643538,0.828452,0.977594,0.97884
03001627,d73e46e07bdb3fe75fe4ecea39e8bd40,2.76946,2.54782,0.970386,0.710614,0.689275,-0.0931561,0.10607,0.909252,1.06234,0.970579
03001627,9635dbdc4e34b7efffcd08faf4fccd0f,3.86047,2.42949,1.01228,0.646959,0.762379,0.012955,-0.0074441,0.801413,1.03732,0.933257
03001627,9635dbdc4e34b7efffcd08faf4fccd0f,1.33459,7.03261,1.18018,0.701185,0.710596,0.0382024,0.0439625,0.952468,1.09524,1.09711
