# catid-cad,id-cad,tx,ty,tz,qw,qx,qy,qz,sx,sy,sz
02871439,c007d1b4972f70102751be1fc72418bb,1.92284,0.664794,1.31154,0.620239,0.636938,0.337156,0.309739,3.05486,3.03536,3.01207
02773838,54cd45b275f551b276bb31db0358e9c6,2.41863,1.48023,0.207424,0.649473,0.702434,0.271134,0.106104,1.15608,0.498687,1.06115
03337140,ae4c4273468905586ae3841175e518b2,1.20008,2.81012,0.309818,0.189991,0.215618,0.655546,0.698335,1.30545,0.972262,1.29268
04379243,460a915796f36eaa55f86bb3ad320a33,2.36232,4.18941,0.509244,-0.332467,-0.348456,0.617446,0.621936,2.14646,1.8979,2.10035
02773838,54cd45b275f551b276bb31db0358e9c6,3.38731,2.54521,0.229779,-0.438705,-0.411392,0.317593,0.733096,0.666777,0.748584,0.857118
04379243,460a915796f36eaa55f86bb3ad320a33,1.9446,3.8296,0.502897,0.590374,0.62826,0.337851,0.377629,3.17817,1.92452,2.87219
03001627,c585ee093bfd52af6512b7b24f3d84,2.7642,3.4946,0.327776,0.0543851,0.380385,0.487772,0.783855,3.59266,1.3276,3.89291
03211117,6fcbee5937d1cf28e5dbcc9343304f4a,2.05298,4.22698,0.951618,-0.49944,-0.423628,0.54648,0.521975,0.635564,0.622038,0.723607
03211117,6fcbee5937d1cf28e5dbcc9343304f4a,2.78837,3.64395,0.974855,0.412397,0.263603,0.648519,0.58298,0.90895,0.88603,0.923165
