# catid-cad,id-cad,tx,ty,tz,qw,qx,qy,qz,sx,sy,sz
04256520,cd10e95d1501ed6719fb4103277a6b93,4.17496,2.17663,0.53615,0.19793,0.193033,0.640928,0.716082,1.1996,1.37639,1.19329
04256520,cd10e95d1501ed6719fb4103277a6b93,4.48135,1.12146,0.556834,0.656567,0.563163,0.340641,0.368415,1.1314,1.34485,1.19977
04256520,cd10e95d1501ed6719fb4103277a6b93,2.97288,2.19535,0.563951,-0.344299,-0.309105,0.580727,0.669828,1.16273,1.26608,1.16755
04379243,8a2598fefd4a81e9c7b11e86284a2e,3.75401,1.59997,0.625751,0.497878,0.333559,0.670319,0.43764,1.35171,1.98143,1.22689
04256520,cd10e95d1501ed6719fb4103277a6b93,2.293,3.0817,0.585221,0.635811,0.588042,0.354188,0.352848,1.11603,1.40482,1.14025
