# catid-cad,id-cad,tx,ty,tz,qw,qx,qy,qz,sx,sy,sz
03001627,2e8748c612c5d3519fb4103277a6b93,3.20228,2.9538,0.447524,0.676094,0.732931,0.051159,0.0556085,1.21143,1.20151,1.05485
03001627,2e8748c612c5d3519fb4103277a6b93,2.36889,3.56207,0.43843,0.616931,0.637795,-0.348771,-0.301618,1.14109,1.22772,1.17898
03001627,2e8748c612c5d3519fb4103277a6b93,3.00019,4.47406,0.457855,-0.293706,-0.197133,0.789547,0.501489,1.26189,1.21974,1.2365
03001627,2e8748c612c5d3519fb4103277a6b93,3.75582,4.67473,0.454065,0.865108,0.499962,0.0379885,0.0135442,1.45772,1.28645,1.34291
