# catid-cad,id-cad,tx,ty,tz,qw,qx,qy,qz,sx,sy,sz
03325088,72863e1ef3c0a6fbdd5cf959690bb73f,0.925066,2.70124,0.718427,-0.475579,-0.428804,0.521683,0.563735,1.01557,1.11008,0.984822
03001627,4438e29f9d3cf45bfe52ffd0e748a1ab,0.311548,0.772756,0.48254,-0.419633,-0.412938,0.540389,0.601141,1.15614,1.09767,1.2021
03001627,4438e29f9d3cf45bfe52ffd0e748a1ab,0.34122,1.52502,0.48335,-0.18041,-0.37089,0.477219,0.775986,4.63572,1.21483,2.62201
