# catid-cad,id-cad,tx,ty,tz,qw,qx,qy,qz,sx,sy,sz
03001627,95d082c78ea0b1befe52ffd0e748a1ab,1.19623,1.98422,0.397188,-0.0511902,-0.00783194,0.706904,0.705411,1.28181,1.16641,1.1906
02808440,8e1de9c946615fbc6f893b5bc716a3fa,0.407457,1.5935,0.201254,0.546493,0.524119,-0.461541,-0.462195,1.6024,1.7606,1.74217
02808440,6e0d5ac416c002d13321831d2245cf06,2.18329,1.46659,0.881346,0.542999,0.363429,0.514156,0.555622,1.25402,1.0281,0.819823
