# catid-cad,id-cad,tx,ty,tz,qw,qx,qy,qz,sx,sy,sz
04379243,460a915796f36eaa55f86bb3ad320a33,3.0882,3.73697,0.600912,0.509994,0.462403,-0.497217,-0.528077,1.78213,1.93218,1.95174
04379243,a8713681fccb1d647ff6ace05b36a5,3.32819,6.99109,0.255233,0.642783,0.73212,-0.176011,-0.140892,0.647145,1.23195,0.714401
04256520,945a038c3e0c46ec19fb4103277a6b93,2.66505,7.209,0.282848,0.526308,0.585733,0.418953,0.452101,2.03544,1.54278,1.40207
04256520,ad0e50d6f1e9a16aefc579970fcfc006,3.09954,8.18073,0.443839,-0.490736,-0.463173,0.480127,0.56047,2.84435,3.00203,3.67955
