# catid-cad,id-cad,tx,ty,tz,qw,qx,qy,qz,sx,sy,sz
03001627,6cfc437d8ec6ce7413d48601aed73697,5.03118,3.42889,0.482336,0.219453,0.282958,0.730531,0.581463,1.15703,1.23771,1.15254
03001627,6cfc437d8ec6ce7413d48601aed73697,2.24593,3.01201,0.552977,0.637956,0.57987,-0.432274,-0.26439,1.21112,1.14267,1.19603
