# catid-cad,id-cad,tx,ty,tz,qw,qx,qy,qz,sx,sy,sz
02747177,93d5f21e94ac5fb68a606c63493ddb7c,2.18561,0.812771,0.348773,0.489715,0.73773,0.280498,0.37048,0.446306,0.550699,0.4238
04379243,cd895c35fff495cdd0b93fa304cfa755,3.36689,3.05466,0.779547,0.686898,0.726694,-0.00233852,-0.00909208,1.75007,1.36443,1.30355
04379243,4d959d3b7b3721d448ee6d5fb14cf83d,3.66472,4.41111,0.508613,0.707899,0.705526,-0.00598312,0.0328207,0.864119,1.38914,1.08095
02747177,93d5f21e94ac5fb68a606c63493ddb7c,3.96903,3.189,0.322186,0.491485,0.54567,0.360689,0.57497,0.541629,0.460593,0.52795
