# catid-cad,id-cad,tx,ty,tz,qw,qx,qy,qz,sx,sy,sz
04256520,679010d35da8193219fb4103277a6b93,2.91203,4.05705,1.11522,-0.147076,-0.0808896,0.678953,0.714737,2.45854,2.46213,2.47572
04379243,a8713681fccb1d647ff6ace05b36a5,3.17899,2.90604,0.784375,0.637082,0.68427,-0.190327,-0.299461,1.68115,1.49145,1.66848
04256520,bdd7a0eb66e8884dad04591c9486ec0,3.98058,1.4074,0.764794,0.646736,0.738116,0.106902,0.159654,4.22969,3.42034,5.24488
04256520,62e90a6ed511a1b2d291861d5bc3e7c8,2.6473,3.01558,1.0608,0.241218,0.33175,0.670387,0.618334,5.36233,3.82222,4.87227
