# catid-cad,id-cad,tx,ty,tz,qw,qx,qy,qz,sx,sy,sz
02808440,d2a511578a387365ede9471c962dd6ba,3.33856,2.13509,0.706428,0.71948,0.646175,0.146481,0.208204,0.707966,1.06276,0.787847
03001627,56e194146b9e584b3321831d2245cf06,6.35209,3.92327,0.470476,0.650437,0.648551,0.328074,0.220637,1.14469,1.17544,1.14493
02747177,c21d8f5641be31a285cac25b72167160,4.5897,3.12487,0.287244,0.58737,0.615448,0.36784,0.375386,0.532958,0.546923,0.510866
02808440,ff507a7e1febf2ea3321831d2245cf06,1.47772,1.26043,1.19107,0.513154,0.768314,0.0124995,-0.382375,0.755846,0.798876,0.73584
