# catid-cad,id-cad,tx,ty,tz,qw,qx,qy,qz,sx,sy,sz
02871439,465bb5a9ed42ad40a5817f81a1efa3cc,0.52263,3.71651,1.18201,0.533024,0.518228,-0.473263,-0.472596,1.40476,1.08443,1.53733
04379243,cdd6c99231cca3c65b187a2f89229cea,1.5276,1.18183,0.587826,0.569979,0.50688,-0.440435,-0.473512,2.83409,1.90428,2.24532
04379243,616894d973384f358be590460e3754d8,0.767895,3.88134,0.556668,0.513973,0.529448,-0.492378,-0.461606,1.60467,1.77925,1.62556
02747177,c21d8f5641be31a285cac25b72167160,2.8868,2.28753,0.232087,0.479432,0.463177,0.498756,0.553944,0.55717,0.561292,0.528044
02747177,c21d8f5641be31a285cac25b72167160,3.25669,4.46912,0.221714,0.871037,0.292875,0.393921,-0.0185916,0.403903,0.359993,0.406376
02747177,c21d8f5641be31a285cac25b72167160,2.85292,3.89354,0.23192,0.383667,0.54892,-0.523317,-0.526902,0.475992,0.455204,0.57819
