# catid-cad,id-cad,tx,ty,tz,qw,qx,qy,qz,sx,sy,sz
02747177,5a947a76bf8f29035b17dbcbc75d58df,1.27383,1.27621,0.765333,0.691945,0.713594,-0.0602686,-0.0914466,1.23741,1.33718,1.52007
02747177,c21d8f5641be31a285cac25b72167160,0.617786,3.08926,0.317128,0.893539,0.412865,0.000262064,-0.176437,0.601625,0.574326,0.58317
