# catid-cad,id-cad,tx,ty,tz,qw,qx,qy,qz,sx,sy,sz
03001627,9368cd9028151e1e9d51a07a5989d077,4.68702,2.08092,0.40719,0.231666,0.29847,0.651928,0.657447,1.32724,1.25031,1.32977
03001627,9368cd9028151e1e9d51a07a5989d077,1.85963,1.23544,0.5298,0.693507,0.689989,-0.139289,-0.153501,1.34783,1.27289,1.2897
03001627,9368cd9028151e1e9d51a07a5989d077,1.30205,1.80391,0.582078,-0.428405,-0.498873,0.55925,0.504811,1.29226,1.34002,1.44925
04379243,612117acf07984468e52a975e7251969,2.80236,2.55719,0.551356,0.679685,0.71266,-0.129734,-0.115379,3.67085,1.88829,2.87256
03001627,9368cd9028151e1e9d51a07a5989d077,3.5646,3.47361,0.559817,-0.210116,-0.179703,0.696838,0.661796,1.32202,1.40942,1.34435
03211117,9cdad8b178d7743326782c9200ca97fc,3.26174,1.93829,1.06476,0.505251,0.395581,0.5763,0.506078,0.884068,0.884388,1.59777
04379243,460a915796f36eaa55f86bb3ad320a33,3.2008,2.07664,0.566643,0.656736,0.594858,0.375326,0.271977,1.90939,1.99024,2.10012
03211117,d0959256c79f60872a9c9a7e9520eea,3.75017,3.40993,1.89181,-0.358919,-0.271174,0.653447,0.608809,1.32051,1.09702,1.16227
03211117,d0959256c79f60872a9c9a7e9520eea,1.06828,3.23774,2.59041,0.513382,0.69824,-0.344091,-0.36125,2.12836,1.02802,1.16802
