# catid-cad,id-cad,tx,ty,tz,qw,qx,qy,qz,sx,sy,sz
04379243,612117acf07984468e52a975e7251969,5.40888,8.11337,0.946783,-0.0268752,0.0563214,0.643247,0.763111,1.79791,1.66604,1.6304
04379243,612117acf07984468e52a975e7251969,5.86887,7.92457,0.857923,0.668125,0.742012,0.00418728,-0.054858,1.87496,1.80325,1.60926
04379243,a8713681fccb1d647ff6ace05b36a5,4.12736,6.37321,0.988958,0.668881,0.69467,0.204145,0.168393,1.45315,1.35021,1.4943
04256520,849ddda40bd6540efac8371a83e130ac,4.70762,3.04871,1.08629,0.0770453,0.0889483,0.70692,0.697436,2.04271,3.55234,2.26979
04256520,849ddda40bd6540efac8371a83e130ac,3.06374,7.10655,1.24058,-0.387501,-0.374402,0.71679,0.442582,2.1089,3.57868,2.54574
04256520,849ddda40bd6540efac8371a83e130ac,3.8382,4.50556,1.0516,0.754442,0.533764,-0.179874,-0.336985,3.78584,3.69507,3.78104
04256520,849ddda40bd6540efac8371a83e130ac,4.71699,3.31543,0.27372,0.0813303,0.0682215,-0.426614,0.898183,2.5843,3.74509,3.36119
