# catid-cad,id-cad,tx,ty,tz,qw,qx,qy,qz,sx,sy,sz
04554684,6e606fb36a1fa72370011ebcb36fd95d,1.50102,7.01981,0.894858,-0.365279,-0.341927,0.659478,0.561022,1.32852,1.38337,1.1893
04554684,6e606fb36a1fa72370011ebcb36fd95d,3.48785,7.42874,0.776839,0.581462,0.640432,0.0751194,-0.49609,1.58132,1.4884,1.67655
04554684,6e606fb36a1fa72370011ebcb36fd95d,6.61928,7.56341,0.803318,-0.370652,-0.397936,0.464971,0.698618,1.47077,1.36695,1.42168
04554684,6e606fb36a1fa72370011ebcb36fd95d,5.29942,6.49628,0.86418,0.71084,0.637292,-0.18085,-0.236347,1.62891,1.53162,1.66455
04554684,6e606fb36a1fa72370011ebcb36fd95d,1.63069,7.7081,0.808694,0.628245,0.664015,0.0794818,0.397586,1.04369,1.05442,1.04284
04554684,6e606fb36a1fa72370011ebcb36fd95d,5.81425,9.64686,0.792165,0.267289,0.389408,0.195675,0.859436,1.33313,1.34866,1.30941
04554684,6e606fb36a1fa72370011ebcb36fd95d,3.51596,9.44065,0.85173,0.678485,-0.50284,-0.376751,-0.380616,1.59556,1.5757,1.62147
