# catid-cad,id-cad,tx,ty,tz,qw,qx,qy,qz,sx,sy,sz
04379243,13c680c1fd4d1ab4bdaed8eb424ecfdb,0.964595,2.08503,0.593911,-0.381237,-0.341523,0.630662,0.58334,1.56977,1.76533,1.597
02818832,6e4707cac21b09f0531c83488903771b,2.47913,1.28752,0.985059,0.681116,0.683484,-0.183479,-0.187793,3.16073,2.16152,3.30557
02747177,85d8a1ad55fa646878725384d6baf445,1.91269,0.397326,0.297946,0.747526,0.575502,-0.240905,-0.227963,0.456759,0.403023,0.416043
02933112,a3a6f9e80956ec6f4035f93ab9531db,0.476517,0.953594,0.556591,0.555558,0.598179,0.484689,0.314029,1.39121,1.38776,1.53059
02747177,1d5e46b18684ede7ffe3432ba4f2e6d3,2.64723,2.20654,0.666385,0.727884,-0.616596,-0.0807398,-0.288922,0.978629,1.19836,1.12813
