# catid-cad,id-cad,tx,ty,tz,qw,qx,qy,qz,sx,sy,sz
03001627,8ddae5e2493ab76af91663a74ccd2338,1.27627,3.49562,0.495202,0.0350863,0.0427857,0.694455,0.717405,1.35912,1.2155,1.21795
02871439,b6264b92d0cbd598d5919aa833abb5a,1.31692,2.82256,0.91945,0.71212,0.700862,0.0238767,0.0332702,0.918338,1.67916,0.819089
02747177,85d8a1ad55fa646878725384d6baf445,5.70195,4.84009,0.33214,-0.419712,-0.535758,0.468771,0.56308,0.297982,0.587613,0.451509
02818832,1f11b3d9953fabcf8b4396b18c85cf0f,1.64786,5.00841,0.664642,0.437825,0.486966,0.497456,0.568956,2.45406,2.44302,3.27687
03337140,e58274d0771d56f77984fb9ec7e40829,3.77194,3.36152,0.518771,0.478442,0.472649,0.516611,0.529914,1.17156,1.13806,1.23604
02747177,85d8a1ad55fa646878725384d6baf445,1.23906,3.41742,1.01016,0.630642,0.747563,-0.199271,-0.0610813,0.712587,0.435927,0.576195
04379243,3b0c62bde7b24de85ce578b5b4bfae3c,1.5123,4.47709,0.338678,0.99207,0.115328,0.00427551,0.0497841,2.4497,1.96601,1.8303
