# catid-cad,id-cad,tx,ty,tz,qw,qx,qy,qz,sx,sy,sz
03001627,cacaca67988f6686f91663a74ccd2338,0.890611,1.88337,0.485739,0.632246,0.564637,-0.383433,-0.366646,1.47161,1.13264,1.57271
03001627,b83c9e0fefbbd843e88e73357a673e34,0.466788,2.43948,0.641819,0.665266,0.667626,-0.265517,-0.202971,1.1022,1.11075,1.09472
03001627,b83c9e0fefbbd843e88e73357a673e34,1.68933,1.77226,0.677726,0.708889,0.703308,-0.0526658,0.00786028,1.20659,1.17075,1.08935
03001627,b83c9e0fefbbd843e88e73357a673e34,3.24664,2.58801,0.677954,0.230207,0.178529,0.694123,0.658274,1.04857,1.13064,0.978149
03001627,b83c9e0fefbbd843e88e73357a673e34,2.66136,5.67273,0.631079,-0.368241,-0.30128,0.43757,0.762996,1.05452,1.18976,1.09971
04379243,be9a0901f9ac115d71b883b95236fc2b,3.43224,3.89201,0.724006,0.659054,0.617448,-0.310178,-0.296978,1.96117,1.78714,2.02572
03001627,b83c9e0fefbbd843e88e73357a673e34,2.63204,4.49306,0.728428,0.575084,0.72283,-0.345126,-0.166383,1.11206,1.06175,1.10773
04379243,be9a0901f9ac115d71b883b95236fc2b,2.22069,2.96799,0.721498,0.613512,0.639889,-0.314299,-0.339648,2.2894,1.72503,2.19916
