# catid-cad,id-cad,tx,ty,tz,qw,qx,qy,qz,sx,sy,sz
04379243,e5a84d7ed9a5ce097f4557c0cd5f53a,2.10833,4.61086,0.301538,0.50657,0.471873,-0.520525,-0.499776,1.14462,1.21548,1.32404
04256520,556166f38429cdfe29bdd38dd4a1a461,1.02462,4.41678,0.550138,-0.487031,-0.45482,0.523706,0.530727,2.54868,2.56935,2.21376
03001627,a1575aa70fbaab0fc05575120a46cd3b,3.32548,4.1548,0.640777,0.613451,0.583789,0.380395,0.371711,1.45991,1.45137,1.47523
04379243,e5a84d7ed9a5ce097f4557c0cd5f53a,2.47408,6.69553,0.296732,0.715191,0.695932,-0.003283,-0.0645817,0.999101,1.18406,1.25719
03001627,a1575aa70fbaab0fc05575120a46cd3b,2.599,3.0382,0.741385,0.713501,0.673194,0.158616,0.1121,1.38957,1.52008,1.37927
03467517,1b1c78a14841a4ce3630a3b40acf3144,3.22851,3.27994,1.04634,0.535143,0.776227,0.092142,0.320318,1.38238,1.338,1.49043
03211117,d0959256c79f60872a9c9a7e9520eea,3.4848,6.59597,1.38891,0.608824,-0.064745,0.346153,0.710859,1.97488,1.22797,1.8088
03001627,689f7ad63ed9a7baa75d03186a0409e2,2.38262,3.8379,0.569176,0.551217,0.382159,-0.536761,-0.51186,1.36282,1.40904,1.54711
