# catid-cad,id-cad,tx,ty,tz,qw,qx,qy,qz,sx,sy,sz
02871439,dc9af91c3831983597e6cb8e9bd5d9e5,1.95353,3.69531,1.17379,0.19842,0.167945,0.701876,0.66317,1.46994,1.02857,1.41199
03001627,74391d05121df162492d9da2668ec34c,1.91218,2.95854,0.343101,0.69864,0.715364,0.00685326,0.0104854,1.48458,1.20466,1.39194
04379243,649eda5783cc47e7948cb8e1d9ee487,2.24249,1.57141,0.602061,0.506663,0.486683,0.491719,0.514436,2.46844,1.71272,2.60039
02818832,51223b1b770ff5e72f38f5bd71072746,2.51848,1.0426,0.637495,0.705024,0.707492,0.0201975,0.0445753,2.87822,1.98557,2.85032
