# catid-cad,id-cad,tx,ty,tz,qw,qx,qy,qz,sx,sy,sz
03001627,ae9e1ff1ae0b0a8f6ee473575a9f31bd,1.11273,0.387393,0.353023,0.733217,0.675964,-0.0548389,-0.0495892,1.33165,1.18489,1.21081
02808440,8e1de9c946615fbc6f893b5bc716a3fa,2.04371,0.90041,0.241324,-0.498053,-0.475651,0.510298,0.515069,1.57777,1.7813,1.63245
02747177,ca9c8771ab1ec28920de219c00d1c3b,1.4454,2.79113,0.366411,0.716301,0.691044,0.0106049,0.096225,0.519079,0.540449,0.516375
