# catid-cad,id-cad,tx,ty,tz,qw,qx,qy,qz,sx,sy,sz
03001627,56e194146b9e584b3321831d2245cf06,6.42837,4.42709,0.478701,0.628383,0.645846,0.303997,0.309199,1.21797,1.2164,1.20399
02808440,dadeedcb7aeb8344fdbe2bf897d8a820,3.63992,2.34186,0.866241,0.678005,0.678905,0.196378,0.202071,0.785758,0.971927,0.777206
02747177,ca9c8771ab1ec28920de219c00d1c3b,2.92279,1.83699,0.809749,-0.32086,-0.122501,0.306806,0.887644,0.62982,0.795634,0.878561
03001627,56e194146b9e584b3321831d2245cf06,4.81205,4.05874,0.451735,0.776464,0.577575,0.00593181,-0.251942,1.34158,1.47191,1.34845
02808440,6e0d5ac416c002d13321831d2245cf06,1.35927,1.00323,0.847218,0.669002,0.534148,0.334944,0.393617,0.947506,1.26788,1.17829
