# catid-cad,id-cad,tx,ty,tz,qw,qx,qy,qz,sx,sy,sz
03001627,8ab6783b1dfbf3a8a5d9ad16964840ab,0.355689,0.842154,0.616743,-0.482635,-0.469141,0.535106,0.510521,1.10988,1.0304,1.28496
02747177,e6c0e2578876d6fd808bd51049b82b48,0.519,1.41594,0.189711,-0.152274,-0.196489,0.690189,0.679591,0.513424,0.333601,0.531727
03001627,c747e6ceb1a6faaa3074f48b99186254,-5737.47,741.256,-9093.74,0.716877,0.696955,-0.00823735,-0.0165304,0.829685,1.08145,1.07434
