# catid-cad,id-cad,tx,ty,tz,qw,qx,qy,qz,sx,sy,sz
03001627,781677297ef4db1ab0b54dd2cf2a35d4,1.69379,5.4616,0.458175,-0.354964,-0.323407,0.616813,0.623658,1.39776,1.41827,1.38704
02933112,108295ef2f00c9aa9d886ab2fa5ee681,5.75989,1.53021,0.756087,0.619487,0.53394,0.409656,0.404135,1.70639,2.09636,1.95659
04379243,e98dcd0334fa639fef9f898cda0ff409,3.10626,2.17666,0.452515,0.696811,0.688735,-0.132409,-0.150221,1.03736,0.84323,0.959064
02747177,85d8a1ad55fa646878725384d6baf445,6.18102,3.65577,0.298115,0.150311,0.160164,0.658365,0.719937,0.748535,0.432003,0.520088
02818832,9fb6014c9944a98bd2096b2fa6f98cc7,2.41952,3.2395,0.52151,0.679088,0.70514,-0.134966,-0.152977,2.61498,2.63869,2.77421
02818832,9fb6014c9944a98bd2096b2fa6f98cc7,4.37209,2.38929,0.514549,0.668683,0.721523,-0.100215,-0.149082,2.52888,2.73979,2.87084
04379243,c5838a6cff5a0163a91116f8fe859a4b,2.22872,5.41086,0.203847,0.454104,0.500148,0.512447,0.530131,1.51227,1.36833,1.46945
02933112,e72235ca5b0f9b5de485c93908cf58c1,2.52616,2.20646,0.357928,-0.190754,-0.138216,0.696484,0.677804,1.18201,1.23192,1.15456
03001627,c585ee093bfd52af6512b7b24f3d84,4.80496,5.1628,0.425985,-0.269672,0.321295,0.482295,0.76905,21.5939,2.06266,3.16773
