# catid-cad,id-cad,tx,ty,tz,qw,qx,qy,qz,sx,sy,sz
02871439,601b64e8e27159e157da56e4c9ff868d,2.6206,3.43195,1.20778,0.71967,0.677841,-0.138666,-0.0581243,2.45549,2.55583,1.65517
02871439,601b64e8e27159e157da56e4c9ff868d,5.23124,4.79384,1.0617,0.0137647,0.0118438,0.698046,0.715823,2.03558,2.56265,1.1876
02871439,601b64e8e27159e157da56e4c9ff868d,3.51701,3.36589,1.15245,0.770264,0.527011,-0.306323,-0.187401,6.31229,2.89192,3.01826
04379243,1bf9ee6578bfbcb0f4b6538438a0b930,5.14524,3.64406,0.350572,0.655077,0.7147,-0.00386781,-0.245078,0.475469,0.551109,0.581611
02871439,601b64e8e27159e157da56e4c9ff868d,6.38632,4.82178,1.04521,0.838242,0.540257,0.0714449,0.0192196,2.48112,2.52462,1.46479
