# catid-cad,id-cad,tx,ty,tz,qw,qx,qy,qz,sx,sy,sz
04379243,c6c412c771ab0ae015a34fa27bdf3d03,5.60033,6.56131,0.628342,-0.0415939,-0.104931,0.669736,0.733971,2.48215,1.97957,2.03106
03211117,6856b84c3a8463e3d5f7c62c7dfe63f9,6.00077,6.60072,1.10197,0.745375,0.664354,0.0234314,0.0500099,0.537594,0.591176,0.532847
03211117,6856b84c3a8463e3d5f7c62c7dfe63f9,5.16027,6.6042,1.07096,0.671602,0.665668,0.266694,0.18631,0.648729,0.631566,0.597532
03001627,86eeafeae817263414038d588fd1342f,5.19218,6.26529,0.293634,0.689028,0.722453,0.0412471,0.0400094,1.14932,0.999415,1.31869
02747177,c21d8f5641be31a285cac25b72167160,5.65936,3.19006,0.244343,0.435398,0.553778,-0.528878,-0.473336,0.574986,0.470984,0.52825
03001627,86eeafeae817263414038d588fd1342f,5.74905,5.96457,0.275688,-0.0255665,-0.0407553,0.617323,0.785238,1.65145,1.02171,1.41748
04379243,114a39da3b4bf118d42ec7e303174a87,4.92623,7.35571,0.33503,-0.433913,-0.418379,0.453904,0.656239,2.06121,1.3797,1.7326
03001627,86eeafeae817263414038d588fd1342f,6.53832,4.05117,0.265382,0.543896,0.473097,-0.583327,-0.374281,1.3165,1.05173,1.27237
