# catid-cad,id-cad,tx,ty,tz,qw,qx,qy,qz,sx,sy,sz
02871439,1b3090bfb11cf834f06824a9291300d4,5.75986,5.63035,1.82914,0.446772,0.372536,0.605749,0.542844,2.1909,1.29852,1.31064
02933112,8994e11588b62bdfed208c42f7ada5c4,5.51267,5.26624,0.688911,0.436985,0.437065,0.542648,0.568817,2.7147,2.60202,2.09972
04004475,b2ff768db80d2d723e6c258d47d0b669,4.53308,4.05219,1.23819,0.716527,0.687701,0.0328028,0.112162,1.03929,1.11328,1.1557
02747177,ca9c8771ab1ec28920de219c00d1c3b,2.35611,4.31065,0.297546,0.511594,0.752469,0.300734,0.285694,0.668191,0.466337,0.624576
04004475,a8c41f725d1dcb8ec8bb35fae3b41809,3.99903,5.55048,0.45782,0.212725,0.38578,0.475017,0.761762,2.95965,1.59897,4.17266
