# catid-cad,id-cad,tx,ty,tz,qw,qx,qy,qz,sx,sy,sz
02933112,90c2b07e831f5e7fc75178c2e93f5b68,3.04556,3.26463,1.53946,-0.0870835,0.00817544,0.689349,0.719129,1.56053,2.09659,1.90019
02933112,dca4c8bdab8bdfe739e1d6694e046e01,3.00034,2.14906,1.00434,0.423499,0.458388,0.540104,0.564638,1.80264,1.71905,1.87316
02773838,54cd45b275f551b276bb31db0358e9c6,1.18529,2.65868,1.23082,0.0338478,-0.0894168,0.799002,0.593679,0.964647,0.983143,0.93377
02818832,946bd5aeda453b38b3a454ed6a7199e2,1.75393,1.58422,0.976384,0.608644,0.547945,-0.390508,-0.420489,2.31862,4.25144,2.37359
04379243,d5e003575739a8ce1bb088904f7cb154,3.38369,2.46794,1.28666,0.378702,0.709302,0.107236,0.584787,0.894325,0.888425,1.01779
02871439,b079feff448e925546c4f23965b7dd40,0.997762,1.52233,2.41802,-0.139836,-0.487011,0.858153,0.0827065,1.66441,1.98585,1.86535
