# catid-cad,id-cad,tx,ty,tz,qw,qx,qy,qz,sx,sy,sz
04379243,bcfda4ca76d65ca8d4eb6d6477feba27,1.46332,2.60653,0.472828,0.0215239,0.0637841,0.693249,0.717547,1.78628,1.41555,1.70812
02871439,465bb5a9ed42ad40a5817f81a1efa3cc,1.16479,3.26979,1.26715,0.0380845,0.0626392,0.684501,0.725316,1.24278,1.28907,0.958014
04256520,c81cf82daa56a165271513b292108db,0.850855,1.03451,1.08347,0.70183,0.706701,-0.0606128,-0.0658339,2.47277,3.85338,3.06368
02747177,93d5f21e94ac5fb68a606c63493ddb7c,0.702989,2.19257,0.244784,-0.443519,-0.467956,0.524526,0.55604,0.630611,0.458217,0.422536
02747177,93d5f21e94ac5fb68a606c63493ddb7c,2.18983,1.02111,0.42674,-0.387665,-0.448713,0.541628,0.595828,0.646668,0.880223,0.453518
