# catid-cad,id-cad,tx,ty,tz,qw,qx,qy,qz,sx,sy,sz
02871439,dc9af91c3831983597e6cb8e9bd5d9e5,1.69898,3.14946,1.20409,0.697623,0.714931,-0.0314016,-0.0347843,1.15196,1.00428,0.973752
03001627,dfc9e6a84553253ef91663a74ccd2338,2.05579,3.69544,0.288187,0.133259,0.117777,0.697386,0.694279,1.37752,1.17239,1.35896
04379243,400393a56fc243c442c39a4fb8d01418,2.39255,5.08432,0.503472,0.00305292,0.0176233,0.703466,0.710504,3.20645,1.56527,2.0823
02933112,641e64902bb9f6a4aaca4b071fcc002c,4.63574,3.10366,0.0638452,0.516005,0.532731,0.463962,0.484433,1.15154,1.26147,1.15082
