# catid-cad,id-cad,tx,ty,tz,qw,qx,qy,qz,sx,sy,sz
02747177,1d5e46b18684ede7ffe3432ba4f2e6d3,3.94747,0.649166,0.516063,0.647525,0.602856,0.313394,0.345051,0.649955,0.622486,0.658831
