# catid-cad,id-cad,tx,ty,tz,qw,qx,qy,qz,sx,sy,sz
03001627,cc1b4eb1a9164e04f06885bd08de3f64,5.09112,1.34006,0.499604,0.509981,0.532287,0.502236,0.45205,1.2144,1.01505,1.11752
