# catid-cad,id-cad,tx,ty,tz,qw,qx,qy,qz,sx,sy,sz
03001627,56e194146b9e584b3321831d2245cf06,0.572718,1.04416,0.396332,0.687297,0.644542,-0.25298,-0.219519,1.19689,1.15827,1.19007
02808440,bdac92a52bc53cb4b362845c6edb57fc,1.44666,0.683568,0.265125,0.641476,0.649878,0.299415,0.27662,1.70408,1.18948,1.69769
02747177,85d8a1ad55fa646878725384d6baf445,1.67009,3.7145,0.304227,0.580799,0.805307,0.00572833,-0.11883,0.468307,0.434614,0.284977
