# catid-cad,id-cad,tx,ty,tz,qw,qx,qy,qz,sx,sy,sz
03001627,865551d21a4b2c09ad484915511ccff6,3.90209,2.9925,0.488504,0.534881,0.502277,0.483433,0.477402,1.09729,1.07221,1.03516
03001627,865551d21a4b2c09ad484915511ccff6,4.00891,5.72565,0.52472,0.0673261,0.0515722,0.662132,0.744573,1.11912,1.064,1.18444
03001627,865551d21a4b2c09ad484915511ccff6,5.42662,2.0547,0.510267,0.691662,0.710536,0.100497,0.0815,1.13549,1.14748,1.2469
03001627,865551d21a4b2c09ad484915511ccff6,3.39381,1.56623,0.541292,0.751353,0.643437,0.114721,0.0910876,1.18368,1.09211,1.10469
04379243,fe2f2b120d84ed909b896cf832106977,3.10619,2.11571,0.463271,0.724193,0.686051,0.061416,0.0332675,1.9617,2.32083,2.15677
04379243,fe2f2b120d84ed909b896cf832106977,2.98943,3.07239,0.432365,0.586056,0.50611,-0.498173,-0.390147,2.84277,2.37737,5.56428
03001627,865551d21a4b2c09ad484915511ccff6,5.50485,0.866036,0.55165,0.670994,0.727746,0.0695434,0.123758,1.11085,1.11025,1.18046
04379243,fe2f2b120d84ed909b896cf832106977,2.92614,4.17767,0.362802,0.782973,0.619384,0.0221198,0.0531781,1.61561,2.01789,2.20456
03001627,865551d21a4b2c09ad484915511ccff6,5.4871,1.51377,0.53159,0.695666,0.596727,0.12359,0.380383,2.86993,1.31665,2.51994
