# catid-cad,id-cad,tx,ty,tz,qw,qx,qy,qz,sx,sy,sz
03001627,bf236db6dfa517aa456cbf78e1e89022,4.72788,2.10582,0.632366,0.65452,0.713018,0.182679,0.172733,1.24288,1.5158,1.34313
04379243,c912a8edbaaf0fc72e6a7aad8523e7e6,4.11513,3.14534,0.574205,0.286465,0.373873,0.683674,0.557447,2.12333,1.71647,2.12159
02871439,b105d36dbf010903b022c94235bc8601,5.85111,2.91587,0.57099,0.625039,0.458881,0.45671,0.436087,0.997765,2.12658,2.3633
02871439,b105d36dbf010903b022c94235bc8601,5.24876,5.23574,0.551963,0.703469,0.710253,-0.0142182,0.0216938,2.26187,2.09693,1.01534
