# catid-cad,id-cad,tx,ty,tz,qw,qx,qy,qz,sx,sy,sz
02747177,5a947a76bf8f29035b17dbcbc75d58df,1.01304,3.59444,0.661041,-0.0261936,0.00400297,0.699301,0.714336,1.20299,1.11146,1.06964
02933112,bc7973150ac25b1ce08dea88cca8641e,3.17898,2.63823,0.73427,0.505787,0.565356,0.45551,0.4659,2.24593,1.66393,1.48521
02933112,462ee81a089208caf2f140388f79bf7c,3.44793,3.19892,0.268042,0.554857,0.518842,0.451624,0.467944,1.16399,1.14477,1.15443
02933112,462ee81a089208caf2f140388f79bf7c,0.324133,1.00886,0.297413,0.53022,0.521835,-0.465593,-0.479351,1.12703,1.13033,1.0671
02933112,bc7973150ac25b1ce08dea88cca8641e,3.10871,2.07777,0.74539,0.509463,0.631374,0.400036,0.426363,4.2803,1.6655,1.76173
02747177,85d8a1ad55fa646878725384d6baf445,2.20113,0.273563,0.234774,-0.364388,-0.37183,0.685286,0.509261,0.410651,0.380486,0.458833
02933112,7d95374a9110157c7d8c689e1315827b,3.19255,1.44682,0.536771,0.471394,0.618491,0.432295,0.456483,2.06315,1.45819,1.23092
02933112,bc7973150ac25b1ce08dea88cca8641e,0.856633,1.2768,0.700859,0.543765,0.702538,0.322482,0.326748,1.48941,1.49147,1.30902
