# catid-cad,id-cad,tx,ty,tz,qw,qx,qy,qz,sx,sy,sz
04379243,e5a84d7ed9a5ce097f4557c0cd5f53a,3.13262,7.24734,0.541368,0.675022,0.736904,-0.00423728,0.0360522,1.44109,1.18444,1.48936
04256520,c2d26d8c8d5917d443ba2b548bab2839,3.1549,8.32049,0.820415,0.00818898,-0.036613,0.724484,0.68827,1.67281,2.16246,1.66741
03001627,f1188bef2980d2c985b479b317175b55,3.14078,5.19089,0.51414,0.0104832,-0.0097383,0.708315,0.705751,1.51561,1.35517,1.7438
04256520,c2d26d8c8d5917d443ba2b548bab2839,3.10295,3.13794,0.446298,0.686397,0.726835,-0.0225574,-0.00777542,1.77937,2.20598,1.76333
03001627,f1188bef2980d2c985b479b317175b55,3.07788,5.92041,0.555984,0.669793,0.739398,0.0142497,0.0668183,1.47091,1.27196,1.7732
02871439,3fe283e402ab8785937a1594070247a0,2.97164,9.34944,1.10948,0.720497,0.542874,-0.118869,-0.41478,4.56518,2.71789,4.57598
02871439,b105d36dbf010903b022c94235bc8601,4.51535,6.02577,0.906375,0.830335,-0.235878,0.308757,0.399468,6.31507,6.65195,2.77182
02871439,b105d36dbf010903b022c94235bc8601,4.1633,3.07407,1.30127,0.773359,-0.164636,-0.132571,0.597692,1.02597,1.54945,1.66783
