# catid-cad,id-cad,tx,ty,tz,qw,qx,qy,qz,sx,sy,sz
04256520,436a96f58ef9a6fdb039d8689a74349,3.40065,0.968099,0.633018,0.657698,0.724965,-0.116852,-0.167942,2.52681,2.66268,2.85117
03001627,5d60590d192c52553a23b8cb1a985a11,1.04281,3.22318,0.52817,-0.108576,-0.0945517,0.661522,0.735975,1.42946,1.09796,1.51416
