# catid-cad,id-cad,tx,ty,tz,qw,qx,qy,qz,sx,sy,sz
02871439,81b8784259e3331f94cdfc338037bd95,6.16004,5.3403,0.984568,0.345235,0.392502,0.605967,0.599633,2.03029,1.93842,1.81293
03211117,94001a0000497e8ae4b68d3b17c43658,4.02871,2.372,0.99385,0.73687,0.637459,0.184375,0.129132,0.684718,0.600115,0.643734
03211117,94001a0000497e8ae4b68d3b17c43658,5.13119,2.79619,0.977604,0.748336,0.590633,0.237104,0.186891,0.67239,0.582894,0.608195
04379243,cf24f0128755080569080f7eaa8f3e1d,4.6471,2.53419,0.541388,0.7362,0.623805,0.207448,0.160753,3.18216,1.90194,2.68022
03001627,e4b40369894a16ce6821a1e68ba5ebab,5.11399,3.10867,0.481624,-0.121252,-0.14424,0.739121,0.646679,1.09437,1.08468,1.03929
03001627,e4b40369894a16ce6821a1e68ba5ebab,4.10964,4.6592,0.443278,0.69359,0.699734,0.11745,0.124543,1.15001,1.02794,1.15104
03001627,e4b40369894a16ce6821a1e68ba5ebab,3.95121,2.55892,0.472361,-0.434728,-0.393254,0.594251,0.550661,1.20999,1.08432,1.2408
04379243,460a915796f36eaa55f86bb3ad320a33,4.64183,2.02846,0.575152,0.741361,0.650237,0.0817118,0.144564,3.70463,1.92848,4.40979
03001627,e4b40369894a16ce6821a1e68ba5ebab,3.63698,3.00714,0.440467,0.539719,0.490579,0.529813,0.432821,1.12864,1.09241,1.18054
