# catid-cad,id-cad,tx,ty,tz,qw,qx,qy,qz,sx,sy,sz
04379243,cc182c3aa204614540f68c5e459bb389,2.85694,4.12668,0.655299,0.532584,0.591633,0.418905,0.436857,3.19749,2.3666,2.64949
