# catid-cad,id-cad,tx,ty,tz,qw,qx,qy,qz,sx,sy,sz
03001627,35c3575340cc8234456cbf78e1e89022,6.92917,5.49641,0.391511,0.644607,0.608814,0.329721,0.324209,1.47424,1.46996,1.47408
03001627,35c3575340cc8234456cbf78e1e89022,4.74827,2.78023,0.473308,0.685191,0.58754,0.311851,0.296747,1.49857,1.49064,1.51151
