# catid-cad,id-cad,tx,ty,tz,qw,qx,qy,qz,sx,sy,sz
04330267,15e020e34e3d2bba60ddc468fe733ed1,0.682703,2.15335,0.934386,-0.480334,-0.411165,0.531248,0.563913,1.47898,1.44861,1.43609
02933112,8b35178a614ee2f462023490a1e05c18,2.56148,2.11425,1.88691,0.360597,0.485676,0.535483,0.589362,1.16099,1.47768,1.15595
02933112,8b35178a614ee2f462023490a1e05c18,2.68454,1.54662,1.84523,0.549759,0.649376,-0.425752,-0.307912,1.03833,1.27992,0.898472
02933112,134055516ed892913ba1c51b82b58419,1.41632,0.856501,0.610193,0.751481,0.632907,0.0842061,0.166176,3.12036,1.59705,3.22643
02933112,462ee81a089208caf2f140388f79bf7c,0.413847,1.48976,1.62543,-0.439891,-0.447225,0.551956,0.549391,1.02266,1.0693,0.87133
02933112,285864fbee3a4038178e7d331e641179,1.88886,2.02929,1.10447,0.424826,0.626552,0.601708,0.254762,2.78431,2.54977,3.58777
02933112,462ee81a089208caf2f140388f79bf7c,0.726299,2.15611,0.309204,-0.462124,-0.432801,0.551776,0.542833,1.58175,1.17445,1.33454
02933112,134055516ed892913ba1c51b82b58419,1.14197,0.262696,0.616648,0.718392,0.694271,-0.00120026,-0.0435835,3.40569,1.5643,15.013
