# catid-cad,id-cad,tx,ty,tz,qw,qx,qy,qz,sx,sy,sz
04256520,330d44833e1b4b168b38796afe7ee552,3.99606,3.51113,0.35548,0.549301,0.587086,0.375608,0.460996,2.41321,1.89403,2.00219
04379243,59ef41df3ae8a4026c2e61baa2a8130,3.08603,3.52919,0.259411,0.547875,0.593194,0.405678,0.428228,1.11776,1.1747,1.1035
02871439,14f0caee76872a89571be7eae57ba8b5,0.71165,3.32774,1.03325,-0.386257,-0.231964,0.703027,0.550229,3.91275,1.96482,2.87197
02871439,b6264b92d0cbd598d5919aa833abb5a,0.0876021,1.80719,0.367885,-0.492751,-0.347874,0.594512,0.53173,1.00676,2.03899,1.00743
02871439,b6264b92d0cbd598d5919aa833abb5a,0.680215,4.14936,0.314319,0.60483,0.358505,-0.437108,-0.560885,1.20191,2.7806,1.17002
02871439,c214e1d190cb87362a9cd5247487b619,1.60281,5.00854,0.848407,0.702556,0.604351,0.169461,0.335347,1.55344,1.44909,1.55619
02871439,14f0caee76872a89571be7eae57ba8b5,1.85709,6.29156,1.82324,0.420189,0.805713,0.39893,0.122971,1.83143,1.71033,1.76581
