# catid-cad,id-cad,tx,ty,tz,qw,qx,qy,qz,sx,sy,sz
02933112,8b35178a614ee2f462023490a1e05c18,3.68696,2.07342,0.804053,0.690343,0.598353,-0.309659,-0.263649,1.51637,2.12936,1.53915
02933112,8b35178a614ee2f462023490a1e05c18,3.08393,1.28791,1.62004,0.755291,-0.602088,0.127437,-0.225357,1.44183,2.20268,1.59315
04379243,a62114bf11affdb1139408582c8ed98,4.11302,5.86404,0.721912,0.635949,0.667033,-0.282716,-0.26591,0.793747,0.942194,0.795847
