# catid-cad,id-cad,tx,ty,tz,qw,qx,qy,qz,sx,sy,sz
03001627,4438e29f9d3cf45bfe52ffd0e748a1ab,2.64642,1.42521,0.449482,0.549863,0.469486,-0.465119,-0.510782,1.57873,1.18748,1.22919
02808440,86cc268fa01fac6b9f4775ea8562d2,3.28279,2.49421,0.76556,0.507873,0.470974,-0.484888,-0.533977,0.678709,0.822734,0.642697
02747177,ca9c8771ab1ec28920de219c00d1c3b,4.01031,1.85148,0.502002,0.494124,0.69376,-0.481293,-0.207114,0.60438,0.721175,0.596417
03001627,4438e29f9d3cf45bfe52ffd0e748a1ab,4.33666,3.2082,0.692675,0.0390289,-0.0402019,0.217335,0.974488,1.38148,1.16466,1.31391
