# catid-cad,id-cad,tx,ty,tz,qw,qx,qy,qz,sx,sy,sz
04379243,ac646aa05a0ae0e11b604216cb6e7d3d,0.88935,1.14014,0.548532,0.523835,0.512342,-0.485431,-0.476927,1.49017,1.75229,1.84305
04379243,ac646aa05a0ae0e11b604216cb6e7d3d,4.5208,0.747413,0.592167,0.507523,0.498219,0.526048,0.466339,1.53653,1.65899,1.92095
02747177,c21d8f5641be31a285cac25b72167160,3.1371,0.539705,0.213577,0.775314,0.621769,0.0862097,-0.0697087,0.95241,0.64759,0.838538
02747177,c21d8f5641be31a285cac25b72167160,2.11611,0.728983,0.245224,0.0178126,0.109177,0.670171,0.733916,0.615867,0.536215,0.569752
02747177,85d8a1ad55fa646878725384d6baf445,0.611033,1.21322,1.036,0.316804,0.508895,0.754564,0.267009,0.499962,0.522383,0.539484
02747177,85d8a1ad55fa646878725384d6baf445,4.52751,3.85225,0.484198,0.835015,0.2424,-0.0889342,-0.485884,0.641786,0.691238,0.646979
