# catid-cad,id-cad,tx,ty,tz,qw,qx,qy,qz,sx,sy,sz
03001627,95d082c78ea0b1befe52ffd0e748a1ab,2.58565,2.29538,0.453991,0.711574,0.700083,0.0115723,0.0584174,1.20823,1.29094,1.0613
02808440,dadeedcb7aeb8344fdbe2bf897d8a820,1.50003,2.13774,0.901484,0.707617,0.702748,0.0673444,0.0298054,0.772529,0.977461,0.788422
