# catid-cad,id-cad,tx,ty,tz,qw,qx,qy,qz,sx,sy,sz
02808440,dadeedcb7aeb8344fdbe2bf897d8a820,1.86026,2.14154,0.915477,0.115395,0.0680053,0.697714,0.703743,0.684025,1.01829,0.7858
03001627,4438e29f9d3cf45bfe52ffd0e748a1ab,2.82022,1.80419,0.504997,0.203901,0.0715621,0.658916,0.720509,2.22752,1.37944,1.21556
02773838,54cd45b275f551b276bb31db0358e9c6,2.28127,3.93499,0.845348,0.704141,0.567412,-0.316663,-0.286277,0.632346,0.852878,0.669967
