# catid-cad,id-cad,tx,ty,tz,qw,qx,qy,qz,sx,sy,sz
02933112,a3a6f9e80956ec6f4035f93ab9531db,3.59177,3.38588,0.394477,0.0389796,0.0234156,0.685902,0.726272,1.18328,1.13944,1.27029
04379243,9391dcc782fa7f6bfdad344760a9dafd,2.54314,0.399388,0.692659,0.714769,0.699246,0.00344668,0.0122186,1.53486,2.15504,1.32954
02818832,d7b9238af2efa963c862eec8232fff1e,4.9798,3.28923,0.805775,0.0600939,0.0385854,0.680481,0.729277,3.16557,3.41195,2.89766
04379243,f0b827eed9f044bdcdcd8e1ae308f03a,7.39391,2.86835,0.122246,0.615652,0.707504,0.172093,-0.301321,0.672467,0.672373,0.753774
03337140,eb31fcf943d70e44f9d623e237698c54,3.55683,3.48778,1.42273,0.661421,0.735964,0.0689595,0.126981,0.801416,0.871019,0.895501
