# catid-cad,id-cad,tx,ty,tz,qw,qx,qy,qz,sx,sy,sz
03001627,38bdba5f6455c5ff91663a74ccd2338,4.82056,7.43903,0.57419,0.313984,0.291234,0.577436,0.6951,1.40731,1.25298,1.41313
04256520,556166f38429cdfe29bdd38dd4a1a461,2.88453,4.11558,0.419632,0.612873,0.679579,-0.278728,-0.291326,2.31874,2.50204,2.31165
02747177,85d8a1ad55fa646878725384d6baf445,1.28596,5.13738,0.339003,-0.280939,-0.532181,0.686824,0.407588,0.32821,0.410004,0.399715
02747177,85d8a1ad55fa646878725384d6baf445,3.16863,8.90475,0.654948,0.649653,0.659165,-0.27952,-0.25558,0.419967,0.479079,0.420139
02747177,85d8a1ad55fa646878725384d6baf445,4.27656,9.94656,0.88913,0.591865,0.696819,0.300572,0.271654,0.528468,0.443968,0.524367
04256520,23833969c0011b8e98494085d68ad6a0,3.36422,5.1058,0.482652,0.947799,0.00691277,-0.00669747,0.318724,3.25588,3.11485,2.87086
