# catid-cad,id-cad,tx,ty,tz,qw,qx,qy,qz,sx,sy,sz
03001627,6f36520144753550f91663a74ccd2338,3.13367,2.88217,0.384276,0.0689113,0.061238,0.690144,0.717776,1.22718,1.26753,1.22029
03001627,e3f1f899d63ab008492d9da2668ec34c,1.9596,0.447451,0.372492,0.734954,0.667522,-0.0813592,-0.0873954,1.22665,1.1667,1.28457
02933112,8f30bc2f3ae12300a4669f677ccd56a9,3.72828,1.18103,0.163177,0.503418,0.479014,0.503576,0.51335,1.44645,2.01118,1.48801
03211117,e9466e872848075d3aeab48ed64c0fa4,3.77416,1.25463,1.02522,0.509465,0.535391,0.471965,0.480677,1.23694,1.21357,1.49295
04379243,3e0f8c39a72f3c91200ad3f421b6c3d0,0.675786,2.86476,0.447943,0.70248,0.707706,0.0714952,-0.0237185,1.68334,1.58543,1.44496
02818832,edf13191dacf07af42d7295fb0533ac0,1.28512,1.3133,0.403246,0.736838,0.583009,-0.173182,-0.295261,2.64807,3.71718,2.65027
