# catid-cad,id-cad,tx,ty,tz,qw,qx,qy,qz,sx,sy,sz
04379243,50fdd5311091e5d742d09291b1705b96,5.18287,3.81497,0.697355,-0.290653,-0.264863,0.596119,0.700007,0.559663,0.804018,0.573486
03001627,7595d089aefd8ed5af7c7ad2549a1b15,1.87952,1.33406,1.70113,0.00968726,-0.698649,0.702067,-0.137469,1.31684,1.45449,1.21319
02933112,c060caaa105890d74da5feafe6f1c8fc,2.62626,1.76443,1.08424,0.33097,0.369743,0.56195,0.661786,1.21832,1.24652,1.25875
