# catid-cad,id-cad,tx,ty,tz,qw,qx,qy,qz,sx,sy,sz
03001627,cbf18927a23084bd4a62dd9e5e4067d1,3.29537,3.37631,0.407332,-0.0599196,-0.0518024,0.728319,0.680645,1.13002,1.08198,1.04937
03001627,35c3575340cc8234456cbf78e1e89022,0.73713,1.47785,0.4021,0.537333,0.517641,-0.452503,-0.488429,1.38372,1.45871,1.43818
02808440,ff507a7e1febf2ea3321831d2245cf06,2.48481,3.28405,0.80993,0.556693,-0.727949,0.343383,0.2056,0.697135,0.680308,0.755366
02828884,1042d723dfc31ce5ec56aed2da084563,2.14697,0.67485,0.176268,-0.0778977,-0.0374482,0.675177,0.732575,1.69125,2.00673,2.38547
04379243,57dbdc49bd549a508d1542df8403619f,0.932599,0.455994,0.552692,0.701464,0.706614,0.0566772,0.0736988,1.05351,1.46679,1.11128
02808440,ff507a7e1febf2ea3321831d2245cf06,2.99344,3.30726,0.924169,0.595933,-0.764878,0.118203,-0.214132,0.592891,0.814523,0.662323
