# catid-cad,id-cad,tx,ty,tz,qw,qx,qy,qz,sx,sy,sz
02818832,5d12d1a313cff5ad66f379f51753f72b,2.49332,3.72319,1.19353,0.177893,0.245246,0.701467,0.645098,2.8253,3.10703,2.8175
03001627,36f4f54d500dfcec9969831eec1821d9,3.78436,3.49419,1.14951,0.235327,0.253847,0.635501,0.690161,1.13904,1.00635,1.11563
02933112,51d9a60e0654e3622ea98d69e91ba870,1.85293,2.15984,1.33554,0.680283,0.672375,-0.171417,-0.2361,1.7182,1.86061,1.76118
04379243,d5e003575739a8ce1bb088904f7cb154,2.1316,4.6923,1.22108,0.212811,0.23334,0.69243,0.648694,0.738356,1.0318,0.711211
02933112,676bf8a039a5937eeab2bd7322386ffd,3.0357,1.78727,1.86307,0.59736,0.641306,0.289118,0.385095,6.02738,2.48941,6.1022
02773838,54cd45b275f551b276bb31db0358e9c6,2.53755,1.39633,0.958389,-0.133106,-0.535274,0.701152,0.451829,0.457909,0.615867,0.619402
02773838,54cd45b275f551b276bb31db0358e9c6,1.01272,2.54856,1.19889,-0.0781513,-0.0968823,0.560098,0.819021,0.701572,0.643328,0.555075
02747177,14a49c2b9f46faa04d6ef9ab90177563,3.50635,3.1272,1.70005,0.223696,0.270348,-0.0703035,0.933771,0.797155,0.758378,0.858095
