# catid-cad,id-cad,tx,ty,tz,qw,qx,qy,qz,sx,sy,sz
04379243,4c5bc4f3d5a37c6dca9d5f70cc5f6d22,2.52944,4.86181,0.41636,0.696403,0.708336,0.0818699,0.0811164,2.05881,1.84751,2.30278
02747177,8e09a584fe5fa78deb69804478f9c547,2.25626,3.87864,0.621118,0.601019,0.487329,-0.327387,-0.542314,0.890246,0.886592,0.974156
04379243,4c5bc4f3d5a37c6dca9d5f70cc5f6d22,4.42023,2.68752,0.395001,0.612214,0.551063,-0.369561,-0.430057,2.18925,1.90569,1.91713
02747177,4088f2056763a95752e986a5f722a6f,2.77078,3.93537,0.114313,0.676243,0.733115,0.0646223,0.0326012,0.932175,0.901368,0.886076
