# catid-cad,id-cad,tx,ty,tz,qw,qx,qy,qz,sx,sy,sz
03211117,301148e373839ecc37ab55b97a5e9f9,4.80752,5.57187,1.59268,0.332598,0.325176,0.699156,0.542974,0.714776,0.910894,0.799465
03211117,301148e373839ecc37ab55b97a5e9f9,4.52827,0.994608,1.49437,0.696046,0.597012,0.348316,0.194353,0.847963,1.08693,0.842976
04379243,e0229fb0e8d85e1fbfd790572919a77f,3.43409,3.31096,0.518114,0.253287,0.324759,0.64765,0.641036,3.51304,1.94615,3.50307
03001627,28bdf067b9fea968f17e3402958be9f,3.2445,2.21982,0.524641,0.613104,0.764758,-0.0700087,-0.185331,1.02382,0.98366,1.38321
03001627,28bdf067b9fea968f17e3402958be9f,3.40742,1.71603,0.453491,0.436378,0.316407,0.417321,0.731645,1.22342,1.00699,1.03351
03337140,879c6614916fb6907812c3baf25c5bb,4.93054,2.18006,0.479815,0.699184,0.713635,0.0344123,-0.026136,1.27729,1.43687,1.46289
03001627,28bdf067b9fea968f17e3402958be9f,2.3791,3.63976,0.493742,0.613397,0.577855,-0.402821,-0.357159,1.80081,1.08491,1.1645
