# catid-cad,id-cad,tx,ty,tz,qw,qx,qy,qz,sx,sy,sz
03001627,b1da0d9aab6d2308608505d960f2a393,2.60402,1.68195,0.517461,0.0306867,0.0475976,0.725799,0.685572,1.06476,1.02527,1.02511
03001627,e6c7e75046f8946b27bf2eac25b523a6,3.80156,4.79178,0.491892,0.281361,0.253071,0.649209,0.659787,1.66623,1.47482,1.66606
03001627,cace287f0d784f1be6fe3612af521500,3.21016,1.77601,0.504554,-0.0479307,0.0121845,0.747594,0.662312,1.02574,1.16444,1.01848
03001627,e6c7e75046f8946b27bf2eac25b523a6,4.46202,4.11937,0.480463,0.281596,0.272123,0.64908,0.652187,1.60222,1.45143,1.60129
02747177,93d5f21e94ac5fb68a606c63493ddb7c,5.36565,3.24459,0.278207,0.278778,0.293591,0.609885,0.681269,0.61008,0.503123,0.614144
02747177,93d5f21e94ac5fb68a606c63493ddb7c,3.50075,0.357437,0.284317,0.695359,-0.0471002,0.613032,0.372088,0.430338,0.399976,0.384033
03001627,9368cd9028151e1e9d51a07a5989d077,3.2398,2.34193,0.335483,0.605895,0.277629,0.471472,0.577518,2.82518,1.29361,1.72709
04379243,8d143c8169ed42ada6fee8e2140acec9,2.08279,2.82791,0.277945,0.723876,0.675788,-0.109783,-0.0852124,1.60391,2.00839,1.60421
04379243,8d143c8169ed42ada6fee8e2140acec9,3.37207,1.04904,0.270974,0.707873,0.705488,0.0320318,-0.0133099,1.59018,1.97396,1.68368
