# catid-cad,id-cad,tx,ty,tz,qw,qx,qy,qz,sx,sy,sz
02808440,38773e1ff9871cb33321831d2245cf06,2.82798,2.72394,0.764443,-0.475901,-0.42227,0.505263,0.583023,0.606418,0.859096,0.717285
02808440,d2a511578a387365ede9471c962dd6ba,2.33268,1.64243,0.312198,0.588101,0.562573,-0.310094,-0.491417,0.790244,0.94156,0.773864
02747177,afe2cc6a31c13eff2b8e1e034cf1c1a9,3.96187,3.08561,0.742841,0.10552,-0.0289602,0.672131,0.732302,0.652675,1.17225,0.602972
