# catid-cad,id-cad,tx,ty,tz,qw,qx,qy,qz,sx,sy,sz
04379243,52989e315ee1d3839ccce4c6d5bb195f,2.1002,4.44602,0.319234,0.428871,0.408803,0.598686,0.539003,1.20139,1.3114,1.3715
04256520,608936a307740f5df7628281ecb18112,0.938896,3.87744,0.444672,0.56002,0.554274,-0.433167,-0.437635,2.44771,2.12069,2.37875
03211117,8ef52dd9b307eebfa31cc7b61ec6561,0.835567,5.7641,1.19482,-0.336534,-0.281401,0.612023,0.658017,1.25443,1.23848,1.20473
03001627,813f2777195efc4e19fb4103277a6b93,3.43849,4.44068,0.475556,0.510966,0.527432,0.501048,0.457908,1.60538,1.38776,1.69797
03001627,813f2777195efc4e19fb4103277a6b93,3.09374,3.15224,0.570185,0.679022,0.644659,0.266272,0.229005,1.49706,1.3942,1.4712
03467517,f440f59916c2ed897b076baeaedfec9b,3.03747,7.2074,0.719966,0.909988,0.391957,-0.0437362,0.127983,1.16727,1.53346,1.57821
03001627,5aeefb539699524044b2fa2cac0778f5,2.73324,4.23951,0.313306,0.606201,0.780517,0.152532,-0.00685029,1.8087,1.5403,1.70464
03001627,33bfe7ad9544eb93d7f25634a7c65cae,3.40898,-0.683287,0.472655,0.400276,0.0406045,0.412676,0.817208,42.3931,43.9809,25.0615
