# catid-cad,id-cad,tx,ty,tz,qw,qx,qy,qz,sx,sy,sz
03001627,95d082c78ea0b1befe52ffd0e748a1ab,1.3187,2.15261,0.366582,0.713433,0.698566,0.0161029,0.0525274,1.19387,1.04256,1.10234
02808440,3d6afd4a791e5bdeb022c94235bc8601,2.03462,2.07343,0.98948,-0.023843,-0.0283695,0.726817,0.685831,1.6153,1.23228,1.32767
02808440,8e1de9c946615fbc6f893b5bc716a3fa,0.420176,3.45255,0.225403,-0.479553,-0.486826,0.522692,0.509728,1.59231,1.67301,1.58047
