# catid-cad,id-cad,tx,ty,tz,qw,qx,qy,qz,sx,sy,sz
03001627,8ab6783b1dfbf3a8a5d9ad16964840ab,4.7228,4.70907,0.699762,0.640384,0.687248,-0.258517,-0.225314,1.19315,0.983273,1.23191
04256520,354c37c168778a0bd4830313df3656b,5.16195,7.10576,0.708971,0.134929,0.0168035,0.676906,0.723402,2.56012,2.7254,2.999
04379243,fa09f5e809d1c8c983b3f8b7586237f4,1.69165,7.65731,0.516053,0.553974,0.622318,0.366529,0.414112,0.974169,0.969107,0.891426
04379243,fa09f5e809d1c8c983b3f8b7586237f4,4.20567,2.53982,0.769072,0.645113,0.659431,-0.284264,-0.261101,0.938792,0.923653,0.937612
04379243,c9e9466f782d1b4f7fdd70657322b4ac,4.09557,1.95772,1.2077,0.674826,0.722523,-0.0750612,-0.13014,1.04083,1.52378,1.19791
04379243,40addb4af618318dad5067eac75a07f7,2.17626,7.54948,0.804759,0.718402,0.364806,0.280434,0.521701,1.40588,1.62913,1.76442
