# catid-cad,id-cad,tx,ty,tz,qw,qx,qy,qz,sx,sy,sz
03001627,9368cd9028151e1e9d51a07a5989d077,2.48933,2.8218,0.512516,0.650198,0.725511,0.187856,0.124845,1.26547,1.2552,1.2846
04256520,41b02faaceadb39560fcec8f64d76ffb,0.685903,1.38034,0.881525,0.580657,0.554365,-0.380125,-0.459371,2.76023,2.96949,2.92925
04379243,e18b448f7e5f6ecc1baf720a45fc5c38,4.68169,3.51767,0.573444,-0.0969594,-0.181542,0.667802,0.71532,2.35335,1.75957,1.7243
03001627,9368cd9028151e1e9d51a07a5989d077,4.14407,1.47966,0.504278,0.690301,0.721249,0.051667,0.0248026,1.29672,1.41659,1.32183
04379243,4d2f7c689e77df6b6dc1766995c17a41,3.57602,3.39634,0.314521,-0.0567338,-0.0804313,0.696972,0.710311,2.28079,1.54489,2.20533
03211117,d0959256c79f60872a9c9a7e9520eea,2.38818,3.23962,1.14092,-0.112638,0.00918218,0.699075,0.706061,0.670015,0.713026,1.50069
03001627,9368cd9028151e1e9d51a07a5989d077,3.58796,1.35374,0.481874,0.539727,0.472601,0.474067,0.510494,1.34129,1.37533,2.85787
