# catid-cad,id-cad,tx,ty,tz,qw,qx,qy,qz,sx,sy,sz
02808440,dadeedcb7aeb8344fdbe2bf897d8a820,2.96237,3.01547,0.866288,0.638762,0.622947,0.338893,0.298448,0.776648,0.936877,0.767049
03001627,4438e29f9d3cf45bfe52ffd0e748a1ab,4.93371,5.91698,0.496472,0.57254,0.58492,0.386131,0.425404,1.20448,1.14444,1.23375
03001627,4438e29f9d3cf45bfe52ffd0e748a1ab,3.63837,5.09568,0.494584,0.71531,0.67891,-0.12264,-0.111226,1.5927,1.80219,1.33783
02747177,ca9c8771ab1ec28920de219c00d1c3b,2.60512,2.27881,0.789607,0.601386,0.583305,0.389241,0.382859,0.549907,1.15657,0.639589
02808440,6e0d5ac416c002d13321831d2245cf06,1.19302,0.951447,0.979963,0.543375,0.586768,0.439753,0.408735,1.24951,1.57768,1.45779
