# catid-cad,id-cad,tx,ty,tz,qw,qx,qy,qz,sx,sy,sz
03001627,e4b40369894a16ce6821a1e68ba5ebab,3.79918,3.89037,0.445318,0.240082,0.274286,0.658958,0.657953,1.10778,1.002,1.11013
04379243,e7580c72525b4bb1cc786970133d7717,3.07961,3.87696,0.418168,0.662479,0.646878,-0.255456,-0.278233,2.9045,2.02281,2.9078
02773838,54cd45b275f551b276bb31db0358e9c6,4.25459,3.1161,0.24978,0.721742,0.690558,0.023016,0.0410886,0.758394,0.618004,0.664879
03001627,e4b40369894a16ce6821a1e68ba5ebab,4.28941,5.96141,0.420352,0.681839,0.638047,-0.251615,-0.254325,1.09048,1.07307,1.0932
04379243,e7580c72525b4bb1cc786970133d7717,4.93781,5.72113,0.440507,0.307604,0.237989,0.595466,0.702967,2.71513,2.16774,2.69902
03211117,882619bc31c4e4c88091986dc5b9a01e,4.63688,6.0799,0.818449,0.336696,0.206426,0.582744,0.710235,0.742617,0.601553,0.73628
03001627,e4b40369894a16ce6821a1e68ba5ebab,5.24779,4.73786,0.434126,0.537365,0.730722,-0.263022,-0.328793,1.04855,1.04798,1.03955
