# catid-cad,id-cad,tx,ty,tz,qw,qx,qy,qz,sx,sy,sz
02747177,d30c7f6073bb8565c8a06b09a9a18b3d,1.75516,0.954415,0.810765,0.692894,0.70661,0.0953373,0.107285,1.35205,1.35858,1.49669
04379243,45b6c77fd17726713002761e7a3ba3bd,2.99863,1.34916,0.558423,0.717361,0.683178,0.0697984,0.117432,1.65706,2.41631,2.03442
02747177,85d8a1ad55fa646878725384d6baf445,0.307849,1.73503,0.33534,0.713959,0.672221,0.109723,0.162303,0.441332,0.504827,0.498835
04379243,45b6c77fd17726713002761e7a3ba3bd,3.5101,1.45308,0.551982,0.739349,0.630626,0.217833,0.09068,3.22406,2.48355,2.30922
