# catid-cad,id-cad,tx,ty,tz,qw,qx,qy,qz,sx,sy,sz
04379243,467e71e8e546721e1aa023603cb7e1bd,2.26827,1.0742,0.466742,0.697286,0.688402,0.151251,0.130453,1.71473,1.46648,1.48971
03001627,ae9e1ff1ae0b0a8f6ee473575a9f31bd,1.79884,1.54655,0.415523,-0.0940987,-0.188906,0.669672,0.712039,1.58104,1.3365,1.18675
04379243,82236bf856dff003b8fe77caf901462,1.98975,0.651827,0.519827,-0.203898,-0.0728194,0.724653,0.654218,1.60926,1.03836,1.26925
02808440,4a7d4186a966d777e49bb55b21b2d30a,4.91216,3.80203,0.363497,0.424705,0.37446,0.542016,0.620986,1.65746,1.60162,1.662
02933112,1eed828f325b45bf5f960aba13b9c630,0.647291,1.99232,1.12352,-0.146695,-0.194192,0.717825,0.652302,2.29477,2.13775,2.46642
02773838,54cd45b275f551b276bb31db0358e9c6,0.976395,1.35301,0.19517,-0.216201,-0.109585,0.320241,0.915802,0.637205,0.530291,0.526957
02808440,dadeedcb7aeb8344fdbe2bf897d8a820,2.8497,0.734649,0.67498,-0.284781,-0.160463,0.716772,-0.615946,1.51333,1.3952,1.25237
02747177,d6474403437240d578e4d091a0ee3ecd,1.0388,2.6642,1.4073,-0.428398,-0.431776,0.461584,0.645744,0.787931,0.791129,0.800449
03211117,9329eb153c1e8b4d8479362ee6ff3679,6.44645,2.3936,-61.36,-0.267229,-0.401816,0.656739,0.579505,0.740643,1.09979,0.781247
