# catid-cad,id-cad,tx,ty,tz,qw,qx,qy,qz,sx,sy,sz
03001627,4f4b6167ef11ae4e8f8c11a24c52ebb,3.37576,4.50722,0.4198,0.0236502,0.0343705,0.691757,0.720924,1.43611,1.34163,1.39031
04379243,2eb503dde3cc027d86c701087a194026,3.83256,6.16529,0.462404,0.674555,0.72699,-0.0970732,-0.0838985,1.42212,1.56361,1.2754
04379243,2eb503dde3cc027d86c701087a194026,2.97572,3.26193,0.300033,0.0424873,0.0714733,0.703436,0.705878,1.41026,1.68233,1.31115
03001627,4f4b6167ef11ae4e8f8c11a24c52ebb,3.17741,2.1362,0.383444,0.731436,0.680368,-0.026178,-0.0376245,1.57852,1.31034,1.28786
02871439,dfdc22f3fecbb57c5050d6a2f5d42f74,1.35554,1.73889,0.771564,0.507375,0.574192,0.506631,0.395219,1.43504,1.81925,1.45325
02871439,dfdc22f3fecbb57c5050d6a2f5d42f74,1.7588,3.55907,0.646022,-0.399891,-0.104204,0.489274,0.76801,9.04706,4.72827,6.25112
