# catid-cad,id-cad,tx,ty,tz,qw,qx,qy,qz,sx,sy,sz
02871439,8007cf8349381dada5817f81a1efa3cc,4.01038,0.382647,1.31081,0.680417,0.677213,-0.199261,-0.196748,1.91208,2.29983,1.99053
03211117,48f2b6c3c82635c119609759f8339ed9,2.39994,1.35183,1.72457,0.684085,0.616192,-0.27499,-0.276976,1.3028,1.60388,1.316
04256520,3d164c442e5788e25c7a30510dbe4e9f,1.18268,4.00079,0.50068,-0.325397,-0.265272,0.615677,0.66685,2.49182,2.83705,2.44943
03001627,74391d05121df162492d9da2668ec34c,3.66862,2.36307,0.417199,0.647206,0.686519,-0.21611,-0.25122,1.64985,1.26368,1.74701
03001627,74391d05121df162492d9da2668ec34c,2.46992,4.17393,0.387302,0.254738,0.297813,0.656781,0.644247,1.25762,1.24701,1.25365
02747177,ca9c8771ab1ec28920de219c00d1c3b,4.43046,2.69685,0.398648,0.655668,0.560539,-0.392556,-0.319053,0.487256,0.495338,0.503877
04379243,a075004f2659de5a797e3338b16ee6ad,4.58797,2.19899,0.597591,0.23957,0.237989,0.628629,0.700567,2.03556,2.36697,1.97505
03085013,7e984643df66189454e185afc91dc396,3.36449,3.54189,0.799219,-0.0383346,0.207892,0.234006,0.948975,0.254946,0.269603,0.201382
