# catid-cad,id-cad,tx,ty,tz,qw,qx,qy,qz,sx,sy,sz
04379243,9391dcc782fa7f6bfdad344760a9dafd,2.5843,2.68686,0.622429,0.714601,0.691579,0.0767637,0.0719107,2.42413,2.02298,2.44388
03001627,1ab8a3b55c14a7b27eaeab1f0c9120b7,1.6069,2.33219,0.590012,0.60857,0.556322,-0.40329,-0.396869,0.955259,0.93768,1.0035
04379243,612117acf07984468e52a975e7251969,-0.181842,4.00521,0.595722,-0.092115,0.365937,0.466769,0.799833,7.23391,2.33851,6.22073
