# catid-cad,id-cad,tx,ty,tz,qw,qx,qy,qz,sx,sy,sz
02808440,dadeedcb7aeb8344fdbe2bf897d8a820,1.94697,2.32286,0.918912,0.691248,0.714166,0.059699,0.0926214,0.748606,1.00415,0.804244
02808440,d2a511578a387365ede9471c962dd6ba,0.816245,2.23836,0.411184,0.495472,0.509684,0.488304,0.50625,0.746821,0.888958,0.731546
02773838,54cd45b275f551b276bb31db0358e9c6,0.637607,3.31693,0.302608,0.707411,0.692626,-0.109385,-0.0887313,0.687231,0.577524,0.482516
