# catid-cad,id-cad,tx,ty,tz,qw,qx,qy,qz,sx,sy,sz
02871439,db5b6dc38fd82fa7cdfa73f789b383fe,0.484476,3.63813,0.959715,-0.270192,-0.320652,0.665282,0.617721,1.95122,2.41407,1.94218
03001627,898dc475a4f36d0d35836c728d324152,2.80013,1.48719,0.249926,0.705578,0.705952,0.042641,0.0444284,1.2864,1.12722,1.65778
04256520,8659f0f422096e3d26f6c8b5b75f0ee9,1.02652,2.96778,0.284434,0.619823,0.653752,-0.330861,-0.280996,1.66401,2.68007,1.68297
04256520,8659f0f422096e3d26f6c8b5b75f0ee9,2.65182,5.06695,0.312497,0.265357,0.27196,0.686367,0.6201,1.66537,2.74273,1.67436
