# catid-cad,id-cad,tx,ty,tz,qw,qx,qy,qz,sx,sy,sz
02747177,62f4ed6e1df63042cecaed25e0da0964,6.25841,4.26264,0.464685,0.378588,0.434295,0.59113,0.564469,0.719825,0.97973,0.714182
04256520,cd10e95d1501ed6719fb4103277a6b93,4.90834,0.798378,0.635648,0.0214239,0.0325651,0.733091,0.679013,1.43465,1.31447,1.36633
03001627,b7a1ec97b8f85127493a4a2a112261d3,4.16973,0.834149,0.885471,0.698722,-0.711465,0.0667689,-0.0338636,1.41732,1.35849,1.38768
04256520,cd10e95d1501ed6719fb4103277a6b93,4.63307,1.31454,0.665992,0.598285,0.675413,0.372143,0.217674,1.49693,1.32391,1.559
03001627,b7a1ec97b8f85127493a4a2a112261d3,4.27569,0.103357,0.634041,0.829049,0.410382,-0.254731,0.281737,1.3522,1.31552,1.26678
