# catid-cad,id-cad,tx,ty,tz,qw,qx,qy,qz,sx,sy,sz
02933112,8994e11588b62bdfed208c42f7ada5c4,3.25198,1.94191,0.677327,0.503996,0.607169,0.434888,0.433827,3.84218,2.74647,2.46379
02747177,5a947a76bf8f29035b17dbcbc75d58df,1.23953,3.67422,0.656746,-0.0290823,0.00182151,0.708041,0.70557,1.14446,1.12133,0.997686
02747177,11d2b7d8c377632bd4d8765e3910f617,3.16021,3.55421,0.608349,0.0552712,0.0285381,0.704867,0.706607,0.896787,0.865927,0.774864
02747177,5268d7d72312c3645fa85fb6e983b148,1.41666,0.413203,0.445902,0.724636,0.68552,-0.0289231,0.0642441,1.0009,0.745969,0.844015
04004475,a8c41f725d1dcb8ec8bb35fae3b41809,1.00529,2.04871,0.499832,0.0749377,-0.0280758,0.730696,0.677996,2.14029,1.68075,1.52966
02747177,2f1510cbda5a89e2bf3f7db9590eef44,3.44915,3.17507,0.784072,0.557263,0.530958,0.419785,0.48096,1.16977,1.19772,1.20257
