# catid-cad,id-cad,tx,ty,tz,qw,qx,qy,qz,sx,sy,sz
03001627,56e194146b9e584b3321831d2245cf06,3.11253,3.81887,0.390006,-0.0183891,-0.0652092,0.68315,0.727129,1.3019,1.04971,1.07358
02808440,3d6afd4a791e5bdeb022c94235bc8601,2.41313,3.84581,0.963962,0.702129,0.707681,0.0731332,0.0292101,1.73646,1.26708,1.21917
02808440,8e1de9c946615fbc6f893b5bc716a3fa,3.90034,3.57202,0.228586,0.52091,0.520831,-0.466905,-0.489273,1.75199,1.75902,1.52491
