# catid-cad,id-cad,tx,ty,tz,qw,qx,qy,qz,sx,sy,sz
04379243,3eea280aa5da733e95166372d7ac113b,1.80691,3.37171,0.164698,-0.0804624,-0.0612701,0.709049,0.697869,1.44412,1.17049,1.25218
04379243,e0229fb0e8d85e1fbfd790572919a77f,3.08289,2.81144,0.505274,0.665788,0.650479,-0.280823,-0.23397,1.30317,1.75482,1.2953
02747177,5a947a76bf8f29035b17dbcbc75d58df,1.31687,2.28328,0.665856,0.603482,0.669025,-0.31856,-0.294507,1.08404,1.18002,1.05567
04004475,99df53ab6417e293b3b8d66c43b5b940,2.0367,2.38904,0.361981,0.624635,0.548627,-0.456145,-0.317445,0.548974,0.595535,0.551681
02801938,acfe521c412fcd04564c0afd61663476,4.5564,1.21565,0.281418,0.473625,0.412675,0.535069,0.564871,0.94995,0.526777,0.715298
02871439,bf8c485ab29e0c3549a1e995ce589127,4.90147,2.68679,1.48444,0.65827,0.752478,-0.0202954,0.00679274,1.43195,1.5761,1.49514
