# catid-cad,id-cad,tx,ty,tz,qw,qx,qy,qz,sx,sy,sz
02871439,30f45a446153b9f1fab6e40cce6926d7,1.00993,2.28102,1.09302,0.695615,0.71828,0.0138154,-0.00156784,2.15196,1.77953,1.41852
02871439,29b66fc9db2f1558e0e89fd83955713c,4.03252,2.46747,0.379801,0.702619,0.710067,0.00575278,-0.0458101,1.27478,1.13668,1.86142
03001627,6ecec258a1b6fe2a6fee8e2140acec9,3.12854,2.65164,0.651835,0.708029,0.689163,-0.0208728,-0.152687,1.34275,1.09236,1.33629
04379243,aa3a0c759428a9eaa5199c5eb7fa3865,2.92351,4.12201,1.12094,0.0181862,-0.00177365,0.711166,0.702787,1.7551,1.55937,1.40633
03001627,6df1ecffaa0abdbf327289c00b6dc9ca,2.64263,3.1794,1.05598,0.693945,0.715146,0.0654833,-0.0521459,1.00459,1.19643,1.00964
04379243,622e30a7ccf34ed5b64a7c8189aa3893,1.38125,3.94212,1.22039,-0.0322773,0.0147398,0.706475,0.706848,1.62583,2.15059,1.57653
