# catid-cad,id-cad,tx,ty,tz,qw,qx,qy,qz,sx,sy,sz
02933112,93eaa414c043264910a7acb23a71a618,6.17897,1.08439,0.437439,0.502675,0.521879,0.49204,0.482552,1.68363,1.90179,1.45643
03001627,d619fd50c4d0fb46dea83bbf303af433,0.699926,2.9348,0.948675,-0.473176,-0.438954,0.528733,0.55124,1.58484,1.44974,1.48171
04379243,616894d973384f358be590460e3754d8,3.55041,3.10592,0.646923,-0.0580424,0.0308124,0.698727,0.712364,1.80209,1.54875,1.68991
04379243,2fced9721464b4d9c955e5ed03ef3a2f,1.31224,2.94595,0.691725,0.580726,0.408836,-0.510795,-0.484457,1.47934,1.86892,1.35192
