# catid-cad,id-cad,tx,ty,tz,qw,qx,qy,qz,sx,sy,sz
03001627,e9a8bc335a7faf78f91663a74ccd2338,0.723759,0.93908,0.260459,0.7026,0.710362,0.00751466,-0.041028,1.39172,1.2075,1.40543
04379243,e0229fb0e8d85e1fbfd790572919a77f,0.868162,1.75509,0.475725,0.722177,0.690893,-0.0321471,-0.00970078,1.81263,1.64288,1.46196
02747177,85d8a1ad55fa646878725384d6baf445,2.63397,1.40356,0.564842,0.719919,0.691816,-0.0380208,-0.0407714,0.771191,1.10753,0.673543
02747177,1ce689a5c781af1bcf01bc59d215f0,2.17229,1.63359,0.298559,-0.319082,-0.497393,0.679302,0.435128,0.899518,0.896476,0.915709
