# catid-cad,id-cad,tx,ty,tz,qw,qx,qy,qz,sx,sy,sz
03001627,95d082c78ea0b1befe52ffd0e748a1ab,0.614397,1.77049,0.459716,-0.00829443,0.0550789,0.69579,0.716082,1.34578,1.28572,1.1464
02808440,dadeedcb7aeb8344fdbe2bf897d8a820,1.73282,1.78717,0.930895,0.0556885,-0.0533042,0.721507,0.688103,0.809488,1.1417,0.789448
